-- phpMyAdmin SQL Dump
-- version 3.3.2deb1
-- http://www.phpmyadmin.net
--
-- Anamakine: localhost
-- Üretim Zamanı: 13 Mart 2012 saat 19:12:50
-- Sunucu sürümü: 5.1.41
-- PHP Sürümü: 5.3.2-1ubuntu4.9

SET SQL_MODE="NO_AUTO_VALUE_ON_ZERO";


/*!40101 SET @OLD_CHARACTER_SET_CLIENT=@@CHARACTER_SET_CLIENT */;
/*!40101 SET @OLD_CHARACTER_SET_RESULTS=@@CHARACTER_SET_RESULTS */;
/*!40101 SET @OLD_COLLATION_CONNECTION=@@COLLATION_CONNECTION */;
/*!40101 SET NAMES utf8 */;

--
-- Veritabanı: `fall2011g2`
--

-- --------------------------------------------------------

--
-- Tablo için tablo yapısı: `City`
--

CREATE TABLE IF NOT EXISTS `City` (
  `id` bigint(20) NOT NULL AUTO_INCREMENT,
  `name` varchar(255) DEFAULT NULL,
  PRIMARY KEY (`id`)
) ENGINE=InnoDB  DEFAULT CHARSET=utf8 AUTO_INCREMENT=2 ;

--
-- Tablo döküm verisi `City`
--

INSERT INTO `City` (`id`, `name`) VALUES
(1, 'Istanbul');

-- --------------------------------------------------------

--
-- Tablo için tablo yapısı: `Comment`
--

CREATE TABLE IF NOT EXISTS `Comment` (
  `id` bigint(20) NOT NULL AUTO_INCREMENT,
  `date` datetime DEFAULT NULL,
  `text` varchar(255) DEFAULT NULL,
  `handshake_id` bigint(20) DEFAULT NULL,
  `user_id` bigint(20) DEFAULT NULL,
  PRIMARY KEY (`id`),
  KEY `FK9BDE863F18813BB6` (`handshake_id`),
  KEY `FK9BDE863F47140EFE` (`user_id`)
) ENGINE=InnoDB  DEFAULT CHARSET=utf8 AUTO_INCREMENT=21 ;

--
-- Tablo döküm verisi `Comment`
--

INSERT INTO `Comment` (`id`, `date`, `text`, `handshake_id`, `user_id`) VALUES
(1, '2012-01-08 23:23:57', 'I am glad you are interested Ellen!', 3, 205),
(2, '2012-01-09 01:54:42', 'Give ''em hell, Ripley.', 4, 201),
(3, '2012-01-09 02:18:21', 'It''s a trap.', 4, 202),
(4, '2012-01-09 02:40:13', 'Who are you people?', 4, 203),
(5, '2012-01-09 14:57:25', 'wow\r\n', 4, 206),
(6, '2012-01-09 20:30:33', 'This is awesome!!!', 6, 207),
(7, '2012-01-09 20:31:47', 'Alan! Where are you!!!', 6, 207),
(8, '2012-01-09 20:32:57', 'Ofcourse!', 6, 211),
(9, '2012-01-09 20:33:36', 'WTF?', 6, 207),
(10, '2012-01-09 20:35:43', 'omfg', 6, 211),
(11, '2012-01-09 20:38:36', 'Naaptiniz', 6, 199),
(12, '2012-01-09 20:41:52', 'Hi. What do you offer for that part?', 13, 209),
(13, '2012-01-09 20:42:52', 'Mexican style', 13, 211),
(14, '2012-01-09 20:52:43', 'okudum!', 14, 207),
(15, '2012-03-02 13:49:36', 'it doesn''t matter to me ', 26, 228),
(16, '2012-03-05 20:39:20', 'asdasdasdad', 31, 228),
(17, '2012-03-05 20:43:44', 'First Line\r\nSecond Line <br>\r\nThird Line <br />', 28, 219),
(18, '2012-03-05 20:45:02', 'dfsdf\r\n', 31, 228),
(19, '2012-03-10 12:52:05', 'sdfsd', 37, 229),
(20, '2012-03-10 12:52:08', 'thanks', 37, 221);

-- --------------------------------------------------------

--
-- Tablo için tablo yapısı: `County`
--

CREATE TABLE IF NOT EXISTS `County` (
  `id` bigint(20) NOT NULL AUTO_INCREMENT,
  `name` varchar(255) DEFAULT NULL,
  `city_id` bigint(20) DEFAULT NULL,
  PRIMARY KEY (`id`),
  KEY `FK78A7BD6A7EA1AAFE` (`city_id`)
) ENGINE=InnoDB  DEFAULT CHARSET=utf8 AUTO_INCREMENT=34 ;

--
-- Tablo döküm verisi `County`
--

INSERT INTO `County` (`id`, `name`, `city_id`) VALUES
(1, 'Adalar', 1),
(2, 'Avcilar', 1),
(3, 'Bagcilar', 1),
(4, 'Bahcelievler', 1),
(5, 'Bakirkoy', 1),
(6, 'Bayrampasa', 1),
(7, 'Besiktas', 1),
(8, 'Beykoz', 1),
(9, 'Beyoglu', 1),
(10, 'Buyukcekmece', 1),
(11, 'Catalca', 1),
(12, 'Eminonu', 1),
(13, 'Esenler', 1),
(14, 'Esenyurt', 1),
(15, 'Eyup', 1),
(16, 'Fatih', 1),
(17, 'Gaziosmanpasa', 1),
(18, 'Gungoren', 1),
(19, 'Kadikoy', 1),
(20, 'Kagithane', 1),
(21, 'Kartal', 1),
(22, 'Kucukcekmece', 1),
(23, 'Maltepe', 1),
(24, 'Pendik', 1),
(25, 'Sariyer', 1),
(26, 'Silivri', 1),
(27, 'Sultanbeyli', 1),
(28, 'Sile', 1),
(29, 'Sisli', 1),
(30, 'Tuzla', 1),
(31, 'Umraniye', 1),
(32, 'Uskudar', 1),
(33, 'Zeytinburnu', 1);

-- --------------------------------------------------------

--
-- Tablo için tablo yapısı: `District`
--

CREATE TABLE IF NOT EXISTS `District` (
  `id` bigint(20) NOT NULL AUTO_INCREMENT,
  `name` varchar(255) DEFAULT NULL,
  `county_id` bigint(20) DEFAULT NULL,
  PRIMARY KEY (`id`),
  KEY `FK151397AEEFCEF19E` (`county_id`)
) ENGINE=InnoDB  DEFAULT CHARSET=utf8 AUTO_INCREMENT=1016 ;

--
-- Tablo döküm verisi `District`
--

INSERT INTO `District` (`id`, `name`, `county_id`) VALUES
(1, 'Burgaz', 1),
(2, 'Buyukada', 1),
(3, 'Cami', 1),
(4, 'Dag', 1),
(5, 'Heybeliada', 1),
(6, 'Karanfil', 1),
(7, 'Kinaliada', 1),
(8, 'Kiyi', 1),
(9, 'Maden', 1),
(10, 'Merkez', 1),
(11, 'Mesrutiyet', 1),
(12, 'Nizam', 1),
(13, 'Yali', 1),
(14, 'Ambarli', 2),
(15, 'Cihangir', 2),
(16, 'Denizkoskler', 2),
(17, 'Firuzkoy', 2),
(18, 'Gumuspala', 2),
(19, 'M.Kemal Pasa', 2),
(20, 'Merkez', 2),
(21, 'Tahtakale', 2),
(22, 'Universite', 2),
(23, 'Yesilkent', 2),
(24, 'Baglar', 3),
(25, 'Barbaros', 3),
(26, 'Cinar', 3),
(27, 'Demirkapi', 3),
(28, 'Fatih Mah.', 3),
(29, 'Gunesli Baglar', 3),
(30, 'Gunesli Eston Kirazlievler', 3),
(31, 'Gunesli Evren', 3),
(32, 'Gunesli Hurriyet', 3),
(33, 'Haznedar', 3),
(34, 'Inonu', 3),
(35, 'Kirazli Demirkapi', 3),
(36, 'Kirazli Fevzi Cakmak', 3),
(37, 'Kirazli Yeni Mah.', 3),
(38, 'Mahmutbey 100.Yil', 3),
(39, 'Mahmutbey Goztepe', 3),
(40, 'Mahmutbey Kemalpasa', 3),
(41, 'Mahmutbey Pirireis', 3),
(42, 'Merkez', 3),
(43, 'Sancaktepe', 3),
(44, 'Yavuz Selim', 3),
(45, 'Yeni Bagcilar Fevzi Cakmak', 3),
(46, 'Yeni Bagcilar K.Karabekir', 3),
(47, 'Yenigun', 3),
(48, 'Yildiztepe', 3),
(49, 'Basin Sitesi', 4),
(50, 'Calislar', 4),
(51, 'Cobancesme', 4),
(52, 'Deli Huseyin Pasa', 4),
(53, 'Fevzi Cakmak', 4),
(54, 'Haznedar', 4),
(55, 'Hurriyet', 4),
(56, 'Istanbul Evleri', 4),
(57, 'Kocasinan Cumhuriyet', 4),
(58, 'Koza Evleri', 4),
(59, 'Merkez', 4),
(60, 'Siyavuspasa', 4),
(61, 'Soganli', 4),
(62, 'Sirinevler', 4),
(63, 'Talatpasa', 4),
(64, 'Unverdi', 4),
(65, 'Yayla', 4),
(66, 'Yenibosna', 4),
(67, 'Zafer', 4),
(68, 'Adakale', 5),
(69, 'Atakoy', 5),
(70, 'Atakoy 1. Kisim', 5),
(71, 'Atakoy 11. Kisim', 5),
(72, 'Atakoy 2. Kisim', 5),
(73, 'Atakoy 3. Kisim', 5),
(74, 'Atakoy 4. Kisim', 5),
(75, 'Atakoy 5. Kisim', 5),
(76, 'Atakoy 7.8. Kisim', 5),
(77, 'Atakoy 9.10. Kisim', 5),
(78, 'Basinkoy', 5),
(79, 'Besyol', 5),
(80, 'Cevizlik', 5),
(81, 'Camlik', 5),
(82, 'Ciroz', 5),
(83, 'Ebuzziya Cad.', 5),
(84, 'Florya', 5),
(85, 'Gungoren Cad.', 5),
(86, 'Hatboyu', 5),
(87, 'Incirli', 5),
(88, 'Istanbul Cad.', 5),
(89, 'Kartaltepe', 5),
(90, 'Merkez', 5),
(91, 'Osmaniye', 5),
(92, 'Ozgurluk Meydani', 5),
(93, 'Ronepark', 5),
(94, 'Sakizagaci', 5),
(95, 'Sokullu', 5),
(96, 'Sogutozu', 5),
(97, 'Sekerevler', 5),
(98, 'Senlikkoy', 5),
(99, 'Sevketiye', 5),
(100, 'Tandogan', 5),
(101, 'Turan Gunes Bulvari', 5),
(102, 'Yenimahalle', 5),
(103, 'Yesilkoy', 5),
(104, 'Yesilyurt', 5),
(105, 'Zeytinlik', 5),
(106, 'Zuhuratbaba', 5),
(107, 'Zumrutyuva', 5),
(108, 'Altintepsi', 6),
(109, 'Besyuzevler', 6),
(110, 'Cevatpasa', 6),
(111, 'Esenler', 6),
(112, 'Ismetpasa', 6),
(113, 'Kartaltepe', 6),
(114, 'Kocatepe', 6),
(115, 'Merkez', 6),
(116, 'Murat Pasa', 6),
(117, 'Orta Mahalle', 6),
(118, 'Sagmalcilar', 6),
(119, 'Terazidere', 6),
(120, 'Vatan', 6),
(121, 'Yenidogan', 6),
(122, 'Yildirim Mah.', 6),
(123, '1. Levent', 7),
(124, '2. Levent', 7),
(125, '3. Levent', 7),
(126, '4. Levent', 7),
(127, '4. Levent Otoyolcular Sitesi', 7),
(128, '4. Levent Petekler Sitesi', 7),
(129, 'Abbasaga', 7),
(130, 'Abdi Ipekci', 7),
(131, 'Akatlar', 7),
(132, 'Alkent Etiler', 7),
(133, 'Arnavutkoy', 7),
(134, 'Balmumcu', 7),
(135, 'Bebek', 7),
(136, 'Buyukhanli Sitesi', 7),
(137, 'Cihannuma', 7),
(138, 'Ciragan', 7),
(139, 'Darphane', 7),
(140, 'Dikilitas', 7),
(141, 'Ertugrul (Gayrettepe)', 7),
(142, 'Esentepe', 7),
(143, 'Etiler', 7),
(144, 'Ihlamur', 7),
(145, 'Konak', 7),
(146, 'Kurucesme', 7),
(147, 'Kultur', 7),
(148, 'Levazim', 7),
(149, 'Levent', 7),
(150, 'Mecidiye', 7),
(151, 'Merkez', 7),
(152, 'Metro City', 7),
(153, 'Muradiye', 7),
(154, 'Nispetiye', 7),
(155, 'Ortakoy', 7),
(156, 'Sari Konaklar Sitesi', 7),
(157, 'Serencebey', 7),
(158, 'Sinanpasa', 7),
(159, 'Topagaci', 7),
(160, 'Turkali', 7),
(161, 'Ulus', 7),
(162, 'Validecesme', 7),
(163, 'Visnezade', 7),
(164, 'Yeni Levent', 7),
(165, 'Yildiz', 7),
(166, 'Zincirlikuyu', 7),
(167, 'Acarkent', 8),
(168, 'Anadolu Feneri', 8),
(169, 'Anadolu Hisari', 8),
(170, 'Anadolu Kavagi', 8),
(171, 'Askeri Bolge', 8),
(172, 'Baklaci', 8),
(173, 'Beykoz Konaklari', 8),
(174, 'Camlibahce', 8),
(175, 'Cavusbasi', 8),
(176, 'Cengeldere', 8),
(177, 'Ciftlik', 8),
(178, 'Cigdem', 8),
(179, 'Cubuklu', 8),
(180, 'Goksu', 8),
(181, 'Goztepe', 8),
(182, 'Gumussuyu', 8),
(183, 'Incirkoy', 8),
(184, 'Kanlica', 8),
(185, 'Kavacik', 8),
(186, 'Merkez', 8),
(187, 'Ortacesme', 8),
(188, 'Pasabahce', 8),
(189, 'Polenezkoy', 8),
(190, 'Poyrazkoy', 8),
(191, 'Riva', 8),
(192, 'Ruzgarlibahce', 8),
(193, 'Soguksu', 8),
(194, 'Tokatkoy', 8),
(195, 'Yakacik', 8),
(196, 'Yalikoy', 8),
(197, 'Yavuz Selim', 8),
(198, 'Yeni Mahalle', 8),
(199, 'Arap Cami', 9),
(200, 'Asmali Mescit', 9),
(201, 'Bedrettin', 9),
(202, 'Bereketzade', 9),
(203, 'Bostan', 9),
(204, 'Bulbul', 9),
(205, 'Camikebir', 9),
(206, 'Cihangir', 9),
(207, 'Catma Mescit', 9),
(208, 'Cukur', 9),
(209, 'Elmadag', 9),
(210, 'Emekyemez', 9),
(211, 'Evliya Celebi', 9),
(212, 'Faikpasa', 9),
(213, 'Fetihtepe', 9),
(214, 'Findikli', 9),
(215, 'Firuzaga', 9),
(216, 'Galatasaray', 9),
(217, 'Gumussuyu', 9),
(218, 'Haciahmet', 9),
(219, 'Hacimimi', 9),
(220, 'Halicioglu', 9),
(221, 'Haskoy', 9),
(222, 'Huseyinaga', 9),
(223, 'Istiklal', 9),
(224, 'Kabatas', 9),
(225, 'Kadi Mehmet Efendi', 9),
(226, 'Kalyoncu Kullugu', 9),
(227, 'Kamankes Kara Mustafa Pasa', 9),
(228, 'Kamer Hatun', 9),
(229, 'Kaptan Pasa', 9),
(230, 'Karakoy', 9),
(231, 'Kasimpasa', 9),
(232, 'Katip Mustafa Celebi', 9),
(233, 'Kececipiri', 9),
(234, 'Kilic Ali Pasa', 9),
(235, 'Kocatepe', 9),
(236, 'Kulaksiz', 9),
(237, 'Kuloglu', 9),
(238, 'Kucuk Piyale', 9),
(239, 'Merkez', 9),
(240, 'Mueyyedzade', 9),
(241, 'Odakule', 9),
(242, 'Omer Avni', 9),
(243, 'Ornektepe', 9),
(244, 'Piri Pasa', 9),
(245, 'Piyale Pasa', 9),
(246, 'Purtelas Hasan Efendi', 9),
(247, 'SiraSelviler', 9),
(248, 'Sururi Mehmet Efendi', 9),
(249, 'Sutluce', 9),
(250, 'Sahkulu', 9),
(251, 'Sehit Muhtar', 9),
(252, 'Taksim', 9),
(253, 'Tarlabasi', 9),
(254, 'Tepebasi', 9),
(255, 'Tomtom', 9),
(256, 'Tophane', 9),
(257, 'Tunel', 9),
(258, 'Yahya Kahya', 9),
(259, 'Yenisehir', 9),
(260, 'Adakent', 10),
(261, 'Adnan Kahveci', 10),
(262, 'Ahmediye', 10),
(263, 'Alkent 2000', 10),
(264, 'Ataturk', 10),
(265, 'Bahcelievler', 10),
(266, 'Bahcesehir', 10),
(267, 'Basindoga Sitesi', 10),
(268, 'Batikoy', 10),
(269, 'Beykent Emincan Yapi Koop.', 10),
(270, 'Beykent Lider Kent Konut.', 10),
(271, 'Beykent Yesil Kent 1', 10),
(272, 'Beykent Yesil Kent 2', 10),
(273, 'Beykent Yesil Kent 3', 10),
(274, 'Beylikduzu', 10),
(275, 'Bizimkent', 10),
(276, 'Bogazkoy', 10),
(277, 'Buyukcekmece Konaklari', 10),
(278, 'Buyuksehir A Mahallesi', 10),
(279, 'Buyuksehir B Mahallesi', 10),
(280, 'Buyuksehir C Mahallesi', 10),
(281, 'Cumhuriyet', 10),
(282, 'Cakmakli', 10),
(283, 'Demirkan Sitesi', 10),
(284, 'Dereagzi', 10),
(285, 'Dizdariye', 10),
(286, 'Emincan Sitesi', 10),
(287, 'Esenkent', 10),
(288, 'Eston Ardicli Evler', 10),
(289, 'Fatih Mah.', 10),
(290, 'Gurpinar', 10),
(291, 'Gurpinar Parkova Sitesi', 10),
(292, 'Guzelce', 10),
(293, 'Hadimkoy', 10),
(294, 'Haramidere', 10),
(295, 'Hurriyet', 10),
(296, 'Ihlas Marmara Evleri 1. Kisim', 10),
(297, 'Ihlas Marmara Evleri 2. Kisim', 10),
(298, 'Incirtepe', 10),
(299, 'Inonu', 10),
(300, 'Jetkent', 10),
(301, 'Karaagac', 10),
(302, 'Kavakli', 10),
(303, 'Kirac', 10),
(304, 'Kumburgaz', 10),
(305, 'Marmara', 10),
(306, 'Mega Kent', 10),
(307, 'Mehter Cesme', 10),
(308, 'Merkez', 10),
(309, 'Migros Arkasi', 10),
(310, 'Mimaroba', 10),
(311, 'Murat Cesme', 10),
(312, 'Namik Kemal', 10),
(313, 'Ondokuz Mayis', 10),
(314, 'Ornek', 10),
(315, 'Palmiye Evleri', 10),
(316, 'Parlamenterler Sitesi', 10),
(317, 'Pinartepe', 10),
(318, 'Saadet Dere', 10),
(319, 'Sahil', 10),
(320, 'Sinanoba', 10),
(321, 'Talatpasa', 10),
(322, 'TEVD Saglik Sitesi', 10),
(323, 'Turkoba', 10),
(324, 'Ulus', 10),
(325, 'Yakuplu', 10),
(326, 'Yenikent', 10),
(327, 'Yenimahalle', 10),
(328, 'Akalan', 11),
(329, 'Ataturk', 11),
(330, 'Bahsayis', 11),
(331, 'Cami', 11),
(332, 'Cakil', 11),
(333, 'Canakca', 11),
(334, 'Deliklikaya', 11),
(335, 'Dursunkoy', 11),
(336, 'Durusu (Terkos)', 11),
(337, 'Elbasan', 11),
(338, 'Fatih', 11),
(339, 'Ferhatpasa', 11),
(340, 'Gokceali', 11),
(341, 'Hastane', 11),
(342, 'Ihsaniye', 11),
(343, 'Incegiz', 11),
(344, 'Istasyon', 11),
(345, 'Izzettin', 11),
(346, 'Kabakca', 11),
(347, 'Kestanelik', 11),
(348, 'Merkez', 11),
(349, 'Nakkas', 11),
(350, 'Oklali', 11),
(351, 'Orcunlu', 11),
(352, 'Ovayenice', 11),
(353, 'Omerli', 11),
(354, 'Sazlibosna', 11),
(355, 'Subasi', 11),
(356, 'Yazlik', 11),
(357, 'Yesilbayir', 11),
(358, 'Zafer', 11),
(359, 'Aksaray', 12),
(360, 'Alemdar', 12),
(361, 'Balabanaga', 12),
(362, 'Beyazit', 12),
(363, 'Binbir Direk', 12),
(364, 'Cagaloglu', 12),
(365, 'Cankurtaran', 12),
(366, 'Cerrahpasa', 12),
(367, 'Capa', 12),
(368, 'Cemberlitas', 12),
(369, 'Demirtas', 12),
(370, 'Emin Sinan', 12),
(371, 'Findikli', 12),
(372, 'Findikzade', 12),
(373, 'Gulhane', 12),
(374, 'Haci Kadin', 12),
(375, 'Hobyar', 12),
(376, 'Hoca Giyasettin', 12),
(377, 'Hocapasa', 12),
(378, 'Kalenderhane', 12),
(379, 'Karakoy', 12),
(380, 'Katip Kasim', 12),
(381, 'Kemal Pasa', 12),
(382, 'Kumkapi', 12),
(383, 'Kucuk Ayasofya', 12),
(384, 'Laleli', 12),
(385, 'Mercan', 12),
(386, 'Merkez', 12),
(387, 'Mesih Pasa', 12),
(388, 'Mimar Hayrettin', 12),
(389, 'Mimar Kemalettin', 12),
(390, 'Molla Fenari', 12),
(391, 'Molla Husrev', 12),
(392, 'Muhsine Hatun', 12),
(393, 'Nisanca', 12),
(394, 'Rustem Pasa', 12),
(395, 'Samatya', 12),
(396, 'Saracishak', 12),
(397, 'Saridemir', 12),
(398, 'Sirkeci', 12),
(399, 'Sultanahmet', 12),
(400, 'Sururi', 12),
(401, 'Suleymaniye', 12),
(402, 'Sehremini', 12),
(403, 'Sehsuvar Bey', 12),
(404, 'Sehzabasi', 12),
(405, 'Sishane', 12),
(406, 'Tahtakale', 12),
(407, 'Taya Hatun', 12),
(408, 'Vefa', 12),
(409, 'Yavuz Sinan', 12),
(410, 'Yenikapi', 12),
(411, 'Askeri Bolge', 13),
(412, 'Basaksehir', 13),
(413, 'Basaksehir 1. Etap', 13),
(414, 'Basaksehir 2. Etap', 13),
(415, 'Basaksehir 4. Etap', 13),
(416, 'Birlik Mah.', 13),
(417, 'Davutpasa', 13),
(418, 'Fatih Mah.', 13),
(419, 'Fevzi Cakmak', 13),
(420, 'Habibler', 13),
(421, 'Havaalani', 13),
(422, 'Karabayir Mah.', 13),
(423, 'Kazim Karabekir', 13),
(424, 'Kemer', 13),
(425, 'Menderes', 13),
(426, 'Merkez', 13),
(427, 'Mimar Sinan', 13),
(428, 'Namik Kemal', 13),
(429, 'Nine Hatun', 13),
(430, 'Oruc Reis', 13),
(431, 'Turgut Reis', 13),
(432, 'Yavuz Selim', 13),
(433, 'Esenkent', 14),
(434, 'Merkez', 14),
(435, 'Selale Evleri', 14),
(436, 'Aksemsettin', 15),
(437, 'Alibeykoy', 15),
(438, 'Burgaz Evleri', 15),
(439, 'Circir', 15),
(440, 'Defterdar', 15),
(441, 'Dugmeciler', 15),
(442, 'Emniyettepe', 15),
(443, 'Esentepe', 15),
(444, 'Guzeltepe (Askeri Bolge)', 15),
(445, 'Islambey', 15),
(446, 'Karadolap', 15),
(447, 'Kemer Country', 15),
(448, 'Kemerburgaz', 15),
(449, 'Merkez', 15),
(450, 'Mimar Sinan Pasa', 15),
(451, 'Mithat Pasa', 15),
(452, 'Nisanci Mustafa', 15),
(453, 'Rami Cuma', 15),
(454, 'Rami Yeni', 15),
(455, 'Sakarya', 15),
(456, 'Silahtar Aga', 15),
(457, 'Topcular', 15),
(458, 'Yayla', 15),
(459, 'Yesilpinar', 15),
(460, 'Abdi Celebi', 16),
(461, 'Abdi Subasi', 16),
(462, 'Akdeniz', 16),
(463, 'Aksaray', 16),
(464, 'Ali Faki', 16),
(465, 'Arabaci Beyazit', 16),
(466, 'Arpaci Emin', 16),
(467, 'Atik Mustafa Pasa', 16),
(468, 'Avcibey', 16),
(469, 'Baba Hasan Alemi', 16),
(470, 'Balat', 16),
(471, 'Balat Karabas', 16),
(472, 'Beyazit Aga', 16),
(473, 'Beycegiz', 16),
(474, 'Cambaziye', 16),
(475, 'Cibali', 16),
(476, 'Cakir Aga', 16),
(477, 'Deniz Abdal', 16),
(478, 'Dervis Ali', 16),
(479, 'Edirnekapi', 16),
(480, 'Edirnekapi', 16),
(481, 'Eregli', 16),
(482, 'Fatma Sultan', 16),
(483, 'Fener', 16),
(484, 'Fevzipasa', 16),
(485, 'Findikzade', 16),
(486, 'Gureba Huseyin Aga', 16),
(487, 'Haci Evhadettin', 16),
(488, 'Halicilar', 16),
(489, 'Halic', 16),
(490, 'Hamami Muhittin', 16),
(491, 'Haracci Kara Mehmet', 16),
(492, 'Hasan Halife', 16),
(493, 'Hatice Sultan', 16),
(494, 'Hatip Musluhittin', 16),
(495, 'Haydar', 16),
(496, 'Hizir Cavus', 16),
(497, 'Hoca Uveyz', 16),
(498, 'Horhor', 16),
(499, 'Husam Bey', 16),
(500, 'Ibrahim Cavus', 16),
(501, 'Imrahor', 16),
(502, 'Inebey', 16),
(503, 'Iskender Pasa', 16),
(504, 'Karadeniz Cad.', 16),
(505, 'Karagumruk', 16),
(506, 'Karye-i Atik', 16),
(507, 'Kasap Demirhun', 16),
(508, 'Kasap Ilyas', 16),
(509, 'Kasim Gonani', 16),
(510, 'Katip Musluhittin', 16),
(511, 'Kececi Karabas', 16),
(512, 'Keci Hatun', 16),
(513, 'Kirik Cesme', 16),
(514, 'Kirmasti', 16),
(515, 'Kiztasi', 16),
(516, 'Koca Dede', 16),
(517, 'Kocamustafapasa', 16),
(518, 'Kocasinan', 16),
(519, 'Kucuk Mustafa Pasa', 16),
(520, 'Kurkcubasi', 16),
(521, 'Macar Kardesler', 16),
(522, 'Melek Hatun', 16),
(523, 'Merkez', 16),
(524, 'Mimar Sinan', 16),
(525, 'Molla Aski', 16),
(526, 'Molla Seref', 16),
(527, 'Muhtesip Iskender', 16),
(528, 'Murat Pasa', 16),
(529, 'Muftu Ali', 16),
(530, 'N.Ibrahimpasa Cad.', 16),
(531, 'Neslisah', 16),
(532, 'Nevbahar', 16),
(533, 'Ordek Kasap', 16),
(534, 'Rami', 16),
(535, 'Samatya', 16),
(536, 'Sancaktar Hayrettin', 16),
(537, 'Sariguzel', 16),
(538, 'Seyit Omer', 16),
(539, 'Sinan Aga', 16),
(540, 'Sofular', 16),
(541, 'Seyh Resmi', 16),
(542, 'Tevkii Cafer', 16),
(543, 'Topkapi', 16),
(544, 'Unkapani', 16),
(545, 'Uzun Yusuf', 16),
(546, 'Veledi Karabas', 16),
(547, 'Yali', 16),
(548, 'Yavuz Selim', 16),
(549, 'Arnavutkoy', 17),
(550, 'Baglarbasi', 17),
(551, 'Besyuzevler', 17),
(552, 'Cebeci', 17),
(553, 'Cumhuriyet', 17),
(554, 'Cukurcesme', 17),
(555, 'Ellinci Yil', 17),
(556, 'Esentepe', 17),
(557, 'Fevzi Cakmak', 17),
(558, 'Gazi Mah.', 17),
(559, 'Habibler', 17),
(560, 'Hurriyet', 17),
(561, 'Ismet Pasa', 17),
(562, 'Karayollari', 17),
(563, 'Karlitepe', 17),
(564, 'Kazim Karabekir', 17),
(565, 'Kucukkoy', 17),
(566, 'Merkez', 17),
(567, 'Pazarici', 17),
(568, 'Sarigol', 17),
(569, 'Sultanciftligi', 17),
(570, 'Sultanciftligi', 17),
(571, 'Semsipasa', 17),
(572, 'Ugur Mumcu', 17),
(573, 'Yenidogan', 17),
(574, 'Yildiz Tabya', 17),
(575, 'Zubeyde', 17),
(576, 'Abdurrahman Nafiz Gurman', 18),
(577, 'Akincilar', 18),
(578, 'Camlikahve', 18),
(579, 'Cifte Havuzlar', 18),
(580, 'Genc Osman', 18),
(581, 'Gunestepe', 18),
(582, 'Guven Mah.', 18),
(583, 'Haznedar', 18),
(584, 'Inonu Cad.', 18),
(585, 'Maresal Cakmak', 18),
(586, 'Mehmet Nezihi Ozmen', 18),
(587, 'Merkez', 18),
(588, 'Merter', 18),
(589, 'Sanayi', 18),
(590, 'Tozkoparan', 18),
(591, 'Ucyuzlu', 18),
(592, 'Alt Bostanci', 19),
(593, 'Altiyol', 19),
(594, 'Atasehir', 19),
(595, 'Ataturk', 19),
(596, 'Aysekadin', 19),
(597, 'Bahariye', 19),
(598, 'Barbaros', 19),
(599, 'Bostanci', 19),
(600, 'Cadde bostan', 19),
(601, 'Caferaga', 19),
(602, 'Catalcesme', 19),
(603, 'Ciftehavuzlar', 19),
(604, 'Dalyan', 19),
(605, 'Dumlupinar', 19),
(606, 'Egitim', 19),
(607, 'Erenkoy', 19),
(608, 'Fenerbahce', 19),
(609, 'Feneryolu', 19),
(610, 'Fikirtepe', 19),
(611, 'Goztepe', 19),
(612, 'Halitaga', 19),
(613, 'Hasanpasa', 19),
(614, 'Haydarpasa', 19),
(615, 'Hilal Konaklari', 19),
(616, 'Ibrahimaga', 19),
(617, 'Icerenkoy', 19),
(618, 'Inonu', 19),
(619, 'Kalamis', 19),
(620, 'Kayisdagi', 19),
(621, 'Kiziltoprak', 19),
(622, 'Kosuyolu', 19),
(623, 'Kozyatagi', 19),
(624, 'Kusdili', 19),
(625, 'Kuyubasi', 19),
(626, 'Kucuk bakkalkoy', 19),
(627, 'Merdivenkoy', 19),
(628, 'Merkez', 19),
(629, 'Misaki Milli', 19),
(630, 'Moda', 19),
(631, 'Ondokuz Mayis', 19),
(632, 'Osman Aga', 19),
(633, 'Rasim Pasa', 19),
(634, 'Rihtim', 19),
(635, 'Sahra-i Cedid', 19),
(636, 'Selamicesme', 19),
(637, 'Sogutlucesme', 19),
(638, 'Suadiye', 19),
(639, 'Saskinbakkal', 19),
(640, 'Senesenevler', 19),
(641, 'Ust Bostanci', 19),
(642, 'Yeldegirmeni', 19),
(643, 'Yeni Sahra', 19),
(644, 'Ziverbey', 19),
(645, 'Zuhtu Pasa', 19),
(646, 'Basak Konutlari', 20),
(647, 'Cendere', 20),
(648, 'Caglayan', 20),
(649, 'Celiktepe', 20),
(650, 'Emniyet Evleri', 20),
(651, 'Gultepe', 20),
(652, 'Gursel', 20),
(653, 'Harmantepe', 20),
(654, 'Hurriyet', 20),
(655, 'Merkez', 20),
(656, 'Ortabayir', 20),
(657, 'Sadabat Evleri', 20),
(658, 'Sanayi', 20),
(659, 'Seyrantepe', 20),
(660, 'Sirintepe', 20),
(661, 'Talatpasa', 20),
(662, 'Telsizler', 20),
(663, 'Yahya Kemal', 20),
(664, 'Yesilce', 20),
(665, 'Cevizli', 21),
(666, 'Cumhuriyet', 21),
(667, 'Carsi', 21),
(668, 'Cavusoglu', 21),
(669, 'Dragos', 21),
(670, 'Esentepe', 21),
(671, 'Gumuspinar', 21),
(672, 'Hurriyet', 21),
(673, 'Karliktepe', 21),
(674, 'Kordonboyu', 21),
(675, 'Merkez', 21),
(676, 'Orhantepe', 21),
(677, 'Ortabayir', 21),
(678, 'Pasakoy', 21),
(679, 'Pendik', 21),
(680, 'Petrol Is', 21),
(681, 'Rahmanlar', 21),
(682, 'Samandira', 21),
(683, 'Soganlik', 21),
(684, 'Topselvi', 21),
(685, 'Ugur Mumcu', 21),
(686, 'Yakacik', 21),
(687, 'Yali', 21),
(688, 'Yeni Mahalle', 21),
(689, 'Yukari Mahalle', 21),
(690, 'Askeri Bolge', 22),
(691, 'Ataturk', 22),
(692, 'Besyol', 22),
(693, 'Cennet', 22),
(694, 'Cumhuriyet', 22),
(695, 'Esenler 1. Etap', 22),
(696, 'Esenler 2. Etap', 22),
(697, 'Fatih', 22),
(698, 'Fevzi Cakmak', 22),
(699, 'Gultepe', 22),
(700, 'Halkali Altinsehir', 22),
(701, 'Halkali Istasyon', 22),
(702, 'Halkali Toplu Konutlar', 22),
(703, 'Ikitelli', 22),
(704, 'Kanarya', 22),
(705, 'Kartaltepe', 22),
(706, 'Kayabasi', 22),
(707, 'Kemalpasa', 22),
(708, 'Mehmet Akif', 22),
(709, 'Merkez', 22),
(710, 'Org. San. Bol.', 22),
(711, 'Sefakoy', 22),
(712, 'Sefakoy', 22),
(713, 'Soyak Olympiakent', 22),
(714, 'Sogutlu Cesme', 22),
(715, 'Samlar', 22),
(716, 'Tevfik Fikret', 22),
(717, 'Yeni Mahalle', 22),
(718, 'Yesilova', 22),
(719, 'Ziya Gokalp', 22),
(720, 'Adatepe', 23),
(721, 'Altaycesme', 23),
(722, 'Altintepe', 23),
(723, 'Askeri Bolge', 23),
(724, 'Aydinevler', 23),
(725, 'Baglarbasi', 23),
(726, 'Basibuyuk', 23),
(727, 'Buyukbakkalkoy', 23),
(728, 'Cevizli', 23),
(729, 'Cinar', 23),
(730, 'Dragos', 23),
(731, 'Esenkent', 23),
(732, 'Ferhatpasa', 23),
(733, 'Feyzullah', 23),
(734, 'Findikli', 23),
(735, 'Girne', 23),
(736, 'Gulensu', 23),
(737, 'Gulsuyu', 23),
(738, 'Idealtepe', 23),
(739, 'Kucukyali', 23),
(740, 'Merkez', 23),
(741, 'Sureyya Plaji', 23),
(742, 'Yali', 23),
(743, 'Zumrutevler', 23),
(744, 'Ahmet Yesevi', 24),
(745, 'Aydos Evleri', 24),
(746, 'Bahcelievler', 24),
(747, 'Bati', 24),
(748, 'Camcesme', 24),
(749, 'Cinardere', 24),
(750, 'Dogu', 24),
(751, 'Dolayoba Sos. Konut.', 24),
(752, 'Dolayoba Taslibayir Konut.', 24),
(753, 'Dumlupinar', 24),
(754, 'Ertugrulgazi', 24),
(755, 'Esenyali', 24),
(756, 'Fatih', 24),
(757, 'Fevzi Cakmak', 24),
(758, 'Gullubaglar', 24),
(759, 'Guzel Yali', 24),
(760, 'Harmandere', 24),
(761, 'Kavakpinar', 24),
(762, 'Kaynarca', 24),
(763, 'Kurtdogmus Koyu', 24),
(764, 'Kurtkoy', 24),
(765, 'Merkez', 24),
(766, 'Orhangazi', 24),
(767, 'Orta Mahalle', 24),
(768, 'Omerli', 24),
(769, 'Ramazanoglu', 24),
(770, 'Sapan Baglari', 24),
(771, 'Suluntepe', 24),
(772, 'Seyhli', 24),
(773, 'Seyhli Hilal Konutlari', 24),
(774, 'Uydukent', 24),
(775, 'Veli Baba', 24),
(776, 'Yayalar', 24),
(777, 'Yeni Mahalle', 24),
(778, 'Yesilbaglar', 24),
(779, 'Askeri Bolge', 25),
(780, 'Atlantis Konutlari', 25),
(781, 'Bahcekoy', 25),
(782, 'Baltalimani', 25),
(783, 'Buyukdere', 25),
(784, 'Buyukdere', 25),
(785, 'Cumhuriyet', 25),
(786, 'Camlitepe', 25),
(787, 'Cayirbasi', 25),
(788, 'Dagevleri', 25),
(789, 'Darussafaka', 25),
(790, 'Demircikoy', 25),
(791, 'Derbent', 25),
(792, 'Emirgan', 25),
(793, 'Fatih Sultan Mehmet', 25),
(794, 'Ferahevler', 25),
(795, 'Garipce', 25),
(796, 'Gazeteciler Sitesi', 25),
(797, 'Hisarustu', 25),
(798, 'Istinye', 25),
(799, 'Istinye Bogazici Evleri', 25),
(800, 'Kilyos', 25),
(801, 'Kilyos', 25),
(802, 'Kirecburnu', 25),
(803, 'Kocatas', 25),
(804, 'Kocatepe', 25),
(805, 'Koru Evleri', 25),
(806, 'Maden', 25),
(807, 'Merkez', 25),
(808, 'P.T.T. Evleri', 25),
(809, 'Pinar Mah.', 25),
(810, 'Poligon', 25),
(811, 'Resitpasa', 25),
(812, 'Rumeli Feneri', 25),
(813, 'Rumeli Hisari', 25),
(814, 'Rumeli Kavagi', 25),
(815, 'Simpas Konutlari', 25),
(816, 'Tarabya', 25),
(817, 'Uskumrukoy', 25),
(818, 'Yenikoy', 25),
(819, 'Yenimahalle', 25),
(820, 'Yonca Evleri', 25),
(821, 'Zekeriyakoy', 25),
(822, 'Zekeriyakoy Konutlari', 25),
(823, 'Zumrutevler', 25),
(824, 'Buyuk Sinekli Koyu', 26),
(825, 'Degirmenkoy', 26),
(826, 'Gumusyaka', 26),
(827, 'Kinali', 26),
(828, 'Merkez', 26),
(829, 'Ortakoy', 26),
(830, 'Fatih', 27),
(831, 'Gazi', 27),
(832, 'Mehmet Akif', 27),
(833, 'Merkez', 27),
(834, 'Turgutreis', 27),
(835, 'Tuyap Beylik Duzu', 27),
(836, 'Aglayankaya', 28),
(837, 'Agva', 28),
(838, 'Ahmetli Koyu', 28),
(839, 'Akcakese Koyu', 28),
(840, 'Balibey', 28),
(841, 'Imrenli', 28),
(842, 'Kumbaba', 28),
(843, 'Merkez', 28),
(844, 'Ulupelit Koyu', 28),
(845, 'Yesilvadi', 28),
(846, 'Ayazaga', 29),
(847, 'Bozkurt', 29),
(848, 'Cumhuriyet', 29),
(849, 'Caglayan', 29),
(850, 'Cifte Cevizler', 29),
(851, 'Ciftecevizler', 29),
(852, 'Duatepe', 29),
(853, 'Elmadag', 29),
(854, 'Esentepe', 29),
(855, 'Ferikoy', 29),
(856, 'Fulya', 29),
(857, 'Gayrettepe', 29),
(858, 'Gulbag', 29),
(859, 'Gulbahar', 29),
(860, 'Halaskargazi', 29),
(861, 'Halide Edip Adivar', 29),
(862, 'Halil Rifat Pasa', 29),
(863, 'Harbiye', 29),
(864, 'Huzur', 29),
(865, 'Inonu', 29),
(866, 'Izzet Pasa', 29),
(867, 'Kaptan Pasa', 29),
(868, 'Kurtulus', 29),
(869, 'Kustepe', 29),
(870, 'Macka', 29),
(871, 'Mahmut Sevket', 29),
(872, 'Maslak', 29),
(873, 'Mecidiyekoy', 29),
(874, 'Mecidiyekoy Marmara Sitesi', 29),
(875, 'Mecidiyekoy Profilo', 29),
(876, 'Merkez', 29),
(877, 'Mesa Maslak Evleri', 29),
(878, 'Mesrutiyet', 29),
(879, 'Nisantasi', 29),
(880, 'Okmeydani', 29),
(881, 'Ondokuz Mayis', 29),
(882, 'Osmanbey', 29),
(883, 'Pangalti', 29),
(884, 'Pasa', 29),
(885, 'Seyrantepe', 29),
(886, 'Tesvikiye', 29),
(887, 'Topagaci', 29),
(888, 'Yayla', 29),
(889, 'Zincirlikuyu', 29),
(890, 'Aydinli', 30),
(891, 'Aydintepe', 30),
(892, 'Bayramoglu', 30),
(893, 'Cami', 30),
(894, 'Camlibel', 30),
(895, 'Evliya Celebi', 30),
(896, 'Icmeler', 30),
(897, 'Istasyon', 30),
(898, 'Merkez', 30),
(899, 'Mimarsinan', 30),
(900, 'Postahane', 30),
(901, 'Postane', 30),
(902, 'Sifa', 30),
(903, 'Tepeoren', 30),
(904, 'Ucmeseler', 30),
(905, 'Yayla', 30),
(906, 'Alemdag', 31),
(907, 'Alemdar', 31),
(908, 'Aqua City', 31),
(909, 'Aqua Manors', 31),
(910, 'Asagi Dudullu', 31),
(911, 'Atakent', 31),
(912, 'Ataturk', 31),
(913, 'Cakmak', 31),
(914, 'Cekmekoy', 31),
(915, 'Dudullu', 31),
(916, 'Eksioglu Besyildiz', 31),
(917, 'Esensehir', 31),
(918, 'Hekimbasi', 31),
(919, 'Ihlamurkuyu', 31),
(920, 'Inkilap', 31),
(921, 'Istiklal', 31),
(922, 'Kazim Karabekir', 31),
(923, 'Merkez', 31),
(924, 'Mustafa Kemal', 31),
(925, 'Namik Kemal', 31),
(926, 'Omerli', 31),
(927, 'Polonezkoy', 31),
(928, 'Resadiye', 31),
(929, 'Sarigazi', 31),
(930, 'Soyak Yenisehir', 31),
(931, 'Tasdelen', 31),
(932, 'Tepeustu', 31),
(933, 'Y.Camlica', 31),
(934, 'Yukari Dudullu', 31),
(935, 'Abdullahaga', 32),
(936, 'Acibadem', 32),
(937, 'Ahcibasi', 32),
(938, 'Ahmet Celebi', 32),
(939, 'Altunizade', 32),
(940, 'Arakiyeci Haci Cafer', 32),
(941, 'Arakiyeci Haci Mehmet', 32),
(942, 'Ata - 2', 32),
(943, 'Ayazma', 32),
(944, 'Baglarbasi', 32),
(945, 'Bahcelievler', 32),
(946, 'Barbaros', 32),
(947, 'Beylerbeyi', 32),
(948, 'Bulgurlu', 32),
(949, 'Burhaniye', 32),
(950, 'Cumhuriyet', 32),
(951, 'Camlica', 32),
(952, 'Camliktepe', 32),
(953, 'Cengelkoy', 32),
(954, 'Emek', 32),
(955, 'Emniyet', 32),
(956, 'Esatpasa', 32),
(957, 'Ferah', 32),
(958, 'Fetih', 32),
(959, 'Fistikagaci', 32),
(960, 'Gulfem Hatun', 32),
(961, 'Guzeltepe', 32),
(962, 'Haci Hesna Hatun', 32),
(963, 'Harem', 32),
(964, 'Havuzbasi', 32),
(965, 'Hayrettin Cavus', 32),
(966, 'Icadiye', 32),
(967, 'Ihsaniye', 32),
(968, 'Imrahor Salacak', 32),
(969, 'Inkilap', 32),
(970, 'Kandilli', 32),
(971, 'Kepcedede', 32),
(972, 'Kisikli', 32),
(973, 'Kirazlitepe', 32),
(974, 'Kuleli', 32),
(975, 'Kuzguncuk', 32),
(976, 'Kucuksu', 32),
(977, 'Kupluce', 32),
(978, 'Libadiye', 32),
(979, 'Murat Reis', 32),
(980, 'Nakkastepe', 32),
(981, 'Ornektepe', 32),
(982, 'Pazarbasi', 32),
(983, 'Rumimehmet Pasa', 32),
(984, 'Selami Ali', 32),
(985, 'Selimiye', 32),
(986, 'Selman Aga', 32),
(987, 'Solak Sinan', 32),
(988, 'Sultantepe', 32),
(989, 'Tabaklar', 32),
(990, 'Tavasi Hasan Aga', 32),
(991, 'Tembel Haci Mehmet', 32),
(992, 'Toygar Hamza', 32),
(993, 'Unalan', 32),
(994, 'Uskudar - Unalan Konut.', 32),
(995, 'Valide-i Atik', 32),
(996, 'Vanikoy', 32),
(997, 'Yavuzturk', 32),
(998, 'Bestelsiz', 33),
(999, 'Cirpici', 33),
(1000, 'Deniz Abdal', 33),
(1001, 'Gokalp', 33),
(1002, 'Hatboyu', 33),
(1003, 'Kazlicesme', 33),
(1004, 'Maltepe', 33),
(1005, 'Merkez', 33),
(1006, 'Merkez Efendi', 33),
(1007, 'Nuripasa', 33),
(1008, 'Seyitnizam', 33),
(1009, 'Sumer', 33),
(1010, 'Telsiz', 33),
(1011, 'Topcular', 33),
(1012, 'Veliefendi', 33),
(1013, 'Yeni Dogan', 33),
(1014, 'Yesiltepe', 33),
(1015, 'Zeytinburnu Olivium', 33);

-- --------------------------------------------------------

--
-- Tablo için tablo yapısı: `Emailconfirmation`
--

CREATE TABLE IF NOT EXISTS `Emailconfirmation` (
  `id` bigint(20) NOT NULL AUTO_INCREMENT,
  `code` varchar(255) DEFAULT NULL,
  `user_id` bigint(20) DEFAULT NULL,
  PRIMARY KEY (`id`),
  KEY `FK9F2FE1D147140EFE` (`user_id`)
) ENGINE=InnoDB DEFAULT CHARSET=utf8 AUTO_INCREMENT=1 ;

--
-- Tablo döküm verisi `Emailconfirmation`
--


-- --------------------------------------------------------

--
-- Tablo için tablo yapısı: `emailconfirmation`
--

CREATE TABLE IF NOT EXISTS `emailconfirmation` (
  `id` bigint(20) NOT NULL AUTO_INCREMENT,
  `code` varchar(255) DEFAULT NULL,
  `user_id` bigint(20) DEFAULT NULL,
  PRIMARY KEY (`id`),
  KEY `FK9F2FE1D147140EFE` (`user_id`)
) ENGINE=InnoDB DEFAULT CHARSET=utf8 AUTO_INCREMENT=1 ;

--
-- Tablo döküm verisi `emailconfirmation`
--


-- --------------------------------------------------------

--
-- Tablo için tablo yapısı: `Handshake`
--

CREATE TABLE IF NOT EXISTS `Handshake` (
  `id` bigint(20) NOT NULL AUTO_INCREMENT,
  `creationDate` datetime DEFAULT NULL,
  `offer_id` bigint(20) DEFAULT NULL,
  `request_id` bigint(20) DEFAULT NULL,
  `ratingOfOfferer` int(11) DEFAULT NULL,
  `ratingOfRequester` int(11) DEFAULT NULL,
  `status` varchar(255) DEFAULT NULL,
  `offererId` bigint(20) DEFAULT NULL,
  `requesterId` bigint(20) DEFAULT NULL,
  `isOriginallyAnOffer` bit(1) DEFAULT NULL,
  `offererStart` bit(1) DEFAULT NULL,
  `requesterStart` bit(1) DEFAULT NULL,
  PRIMARY KEY (`id`),
  KEY `FK7BA89BD750CB3BB6` (`request_id`),
  KEY `FK7BA89BD77D217396` (`offer_id`)
) ENGINE=InnoDB  DEFAULT CHARSET=utf8 AUTO_INCREMENT=43 ;

--
-- Tablo döküm verisi `Handshake`
--

INSERT INTO `Handshake` (`id`, `creationDate`, `offer_id`, `request_id`, `ratingOfOfferer`, `ratingOfRequester`, `status`, `offererId`, `requesterId`, `isOriginallyAnOffer`, `offererStart`, `requesterStart`) VALUES
(1, '2012-01-08 22:20:03', 26, 51, NULL, NULL, 'WAITING_APPROVAL', 28, 199, b'1', b'0', b'0'),
(2, '2012-01-08 23:13:32', 16, 53, NULL, NULL, 'WAITING_APPROVAL', 123, 205, b'1', b'0', b'0'),
(3, '2012-01-08 23:22:16', 52, 54, NULL, NULL, 'WAITING_APPROVAL', 205, 204, b'1', b'0', b'0'),
(4, '2012-01-08 23:37:17', 53, 55, NULL, NULL, 'ACCEPTED', 204, 205, b'1', b'0', b'0'),
(6, '2012-01-09 20:27:56', 55, 1, NULL, NULL, 'ACCEPTED', 207, 1, b'0', b'0', b'0'),
(7, '2012-01-09 20:28:51', 56, 5, NULL, NULL, 'WAITING_APPROVAL', 207, 23, b'0', b'0', b'0'),
(8, '2012-01-09 20:32:23', 1, 57, NULL, NULL, 'WAITING_APPROVAL', 1, 210, b'1', b'0', b'0'),
(9, '2012-01-09 20:37:30', 22, 61, NULL, NULL, 'WAITING_APPROVAL', 2, 209, b'1', b'0', b'0'),
(10, '2012-01-09 20:38:56', 54, 62, NULL, NULL, 'ACCEPTED', 207, 209, b'1', b'0', b'0'),
(11, '2012-01-09 20:39:46', 57, 63, NULL, NULL, 'WAITING_APPROVAL', 208, 199, b'1', b'0', b'0'),
(12, '2012-01-09 20:40:22', 59, 64, NULL, NULL, 'WAITING_APPROVAL', 207, 199, b'1', b'0', b'0'),
(13, '2012-01-09 20:40:47', 58, 65, NULL, NULL, 'ACCEPTED', 211, 209, b'1', b'0', b'0'),
(14, '2012-01-09 20:51:29', 60, 66, NULL, NULL, 'ACCEPTED', 207, 209, b'0', b'0', b'0'),
(15, '2012-01-17 12:25:36', 61, 8, NULL, NULL, 'ACCEPTED', 214, 4, b'0', b'0', b'0'),
(16, '2012-01-17 12:26:23', 62, 11, NULL, NULL, 'ACCEPTED', 214, 8, b'0', b'0', b'0'),
(17, '2012-01-17 12:30:35', 63, 13, NULL, NULL, 'ACCEPTED', 214, 92, b'0', b'0', b'0'),
(18, '2012-01-19 01:21:17', 34, 72, NULL, NULL, 'WAITING_APPROVAL', 76, 216, b'1', b'0', b'0'),
(19, '2012-02-27 16:50:04', 67, 42, NULL, NULL, 'WAITING_APPROVAL', 224, 3, b'0', b'0', b'0'),
(20, '2012-02-27 16:50:53', 68, 12, NULL, NULL, 'WAITING_APPROVAL', 224, 4, b'0', b'0', b'0'),
(21, '2012-02-27 19:47:38', 69, 73, NULL, NULL, 'ACCEPTED', 226, 224, b'0', b'0', b'0'),
(23, '2012-02-28 15:57:27', 71, 24, NULL, NULL, 'ACCEPTED', 228, 99, b'0', b'0', b'0'),
(25, '2012-02-28 22:01:23', 70, 76, NULL, NULL, 'WAITING_APPROVAL', 224, 229, b'1', b'0', b'0'),
(26, '2012-02-28 22:07:08', 72, 77, NULL, NULL, 'CANCELLED', 229, 231, b'1', b'0', b'0'),
(27, '2012-03-02 13:37:32', 74, 2, NULL, NULL, 'WAITING_APPROVAL', 228, 23, b'0', b'0', b'0'),
(28, '2012-03-04 14:21:44', 75, 79, NULL, NULL, 'CANCELLED', 238, 237, b'1', b'0', b'0'),
(29, '2012-03-04 17:17:31', 76, 17, NULL, NULL, 'WAITING_APPROVAL', 239, 56, b'0', b'0', b'0'),
(30, '2012-03-04 17:35:59', 78, 19, NULL, NULL, 'WAITING_APPROVAL', 239, 43, b'0', b'0', b'0'),
(31, '2012-03-05 18:32:46', 73, 81, NULL, NULL, 'ACCEPTED', 228, 219, b'1', b'0', b'0'),
(32, '2012-03-05 18:35:26', 1, 82, NULL, NULL, 'WAITING_APPROVAL', 1, 219, b'1', b'0', b'0'),
(33, '2012-03-05 19:52:22', 2, 84, NULL, NULL, 'WAITING_APPROVAL', 23, 219, b'1', b'0', b'0'),
(34, '2012-03-05 19:59:29', 3, 85, NULL, NULL, 'WAITING_APPROVAL', 30, 219, b'1', b'0', b'0'),
(35, '2012-03-09 23:18:17', 2, 86, NULL, NULL, 'WAITING_APPROVAL', 23, 243, b'1', b'0', b'0'),
(36, '2012-03-10 02:31:40', 2, 87, NULL, NULL, 'WAITING_APPROVAL', 23, 226, b'1', b'0', b'0'),
(37, '2012-03-10 12:47:37', 86, 88, NULL, NULL, 'CANCELLED', 221, 229, b'1', b'0', b'0'),
(38, '2012-03-10 13:00:00', 87, 89, NULL, NULL, 'ACCEPTED', 221, 229, b'1', b'0', b'0'),
(39, '2012-03-10 13:50:14', 88, 90, NULL, NULL, 'CANCELLED', 221, 229, b'1', b'0', b'0'),
(40, '2012-03-10 15:56:36', 77, 91, NULL, NULL, 'ACCEPTED', 239, 245, b'1', b'0', b'0'),
(42, '2012-03-12 17:33:11', 9, 93, NULL, NULL, 'ACCEPTED', 2, 247, b'1', b'0', b'0');

-- --------------------------------------------------------

--
-- Tablo için tablo yapısı: `Offer`
--

CREATE TABLE IF NOT EXISTS `Offer` (
  `id` bigint(20) NOT NULL AUTO_INCREMENT,
  `credit` int(11) DEFAULT NULL,
  `description` longtext,
  `endDate` datetime DEFAULT NULL,
  `title` varchar(255) DEFAULT NULL,
  `user_id` bigint(20) DEFAULT NULL,
  `status` varchar(255) DEFAULT NULL,
  `county_name` varchar(255) DEFAULT NULL,
  `city_name` varchar(255) DEFAULT NULL,
  `district_name` varchar(255) DEFAULT NULL,
  `city_id` bigint(20) DEFAULT NULL,
  `county_id` bigint(20) DEFAULT NULL,
  `district_id` bigint(20) DEFAULT NULL,
  `reoccure` bit(1) DEFAULT NULL,
  `is_all_hours` bit(1) DEFAULT NULL,
  `reocc_start_hour` varchar(255) DEFAULT NULL,
  `reocc_end_hour` varchar(255) DEFAULT NULL,
  `reocc_start_hour_val` bigint(20) DEFAULT NULL,
  `reocc_end_hour_val` bigint(20) DEFAULT NULL,
  `is_rec_monday` bit(1) DEFAULT NULL,
  `is_rec_tuesday` bit(1) DEFAULT NULL,
  `is_rec_wednesday` bit(1) DEFAULT NULL,
  `is_rec_thursday` bit(1) DEFAULT NULL,
  `is_rec_friday` bit(1) DEFAULT NULL,
  `is_rec_saturday` bit(1) DEFAULT NULL,
  `is_rec_sunday` bit(1) DEFAULT NULL,
  `is_virtual` bit(1) DEFAULT NULL,
  PRIMARY KEY (`id`),
  KEY `FK4892A3C47140EFE` (`user_id`)
) ENGINE=InnoDB  DEFAULT CHARSET=utf8 AUTO_INCREMENT=90 ;

--
-- Tablo döküm verisi `Offer`
--

INSERT INTO `Offer` (`id`, `credit`, `description`, `endDate`, `title`, `user_id`, `status`, `county_name`, `city_name`, `district_name`, `city_id`, `county_id`, `district_id`, `reoccure`, `is_all_hours`, `reocc_start_hour`, `reocc_end_hour`, `reocc_start_hour_val`, `reocc_end_hour_val`, `is_rec_monday`, `is_rec_tuesday`, `is_rec_wednesday`, `is_rec_thursday`, `is_rec_friday`, `is_rec_saturday`, `is_rec_sunday`, `is_virtual`) VALUES
(1, 1, 'Reading English Books', '2012-01-12 00:00:00', 'Reading English Books', 1, 'WAITING', '', '', '', NULL, NULL, NULL, b'0', NULL, NULL, NULL, NULL, NULL, b'0', b'0', b'0', b'0', b'0', b'0', b'0', b'1'),
(2, 7, 'Tango lessons', '2012-01-31 00:00:00', 'Tango lessons', 23, 'WAITING', 'Sisli', 'Istanbul', 'Halaskargazi', 1, 29, 860, b'1', b'0', '17:30', '20:00', 36, 41, b'1', b'0', b'1', b'1', b'0', b'0', b'0', b'0'),
(3, 1, 'Math lesson', '2012-01-30 00:00:00', 'Math lesson', 30, 'WAITING', '', '', '', NULL, NULL, NULL, b'1', NULL, NULL, NULL, NULL, NULL, b'0', b'1', b'0', b'1', b'0', b'0', b'0', b'1'),
(4, 7, 'Driving lessons, experienced teacher', '2012-01-19 00:00:00', 'Driving lessons, experienced teacher', 32, 'WAITING', 'Bagcilar', 'Istanbul', 'Inonu', 1, 3, 34, b'0', NULL, NULL, NULL, NULL, NULL, b'0', b'0', b'0', b'0', b'0', b'0', b'0', b'0'),
(5, 19, 'Babysitting for 3-5 years kids', '2012-03-03 00:00:00', 'Babysitting for 3-5 years kids', 23, 'WAITING', 'Bagcilar', 'Istanbul', 'Sancaktepe', 1, 3, 43, b'0', NULL, NULL, NULL, NULL, NULL, b'0', b'0', b'0', b'0', b'0', b'0', b'0', b'0'),
(6, 7, 'Speaking French fluently', '2012-01-17 00:00:00', 'Speaking French fluently', 3, 'WAITING', 'Sisli', 'Istanbul', 'Fulya', 1, 29, 856, b'1', b'0', '21:30', '23:00', 44, 47, b'0', b'1', b'0', b'1', b'0', b'1', b'0', b'0'),
(7, 1, 'Safety guidance, driving lessons', '2012-01-22 00:00:00', 'Safety guidance, driving lessons', 6, 'WAITING', 'Sisli', 'Istanbul', 'Halaskargazi', 1, 29, 860, b'0', NULL, NULL, NULL, NULL, NULL, b'0', b'0', b'0', b'0', b'0', b'0', b'0', b'0'),
(8, 19, 'Tennis course!', '2012-03-12 00:00:00', 'Tennis course!', 109, 'WAITING', 'Sisli', 'Istanbul', 'Ferikoy', 1, 29, 855, b'0', NULL, NULL, NULL, NULL, NULL, b'0', b'0', b'0', b'0', b'0', b'0', b'0', b'0'),
(9, 1, 'Guitar course', '2012-01-10 00:00:00', 'Guitar course', 2, 'HANDSHAKED', '', '', '', NULL, NULL, NULL, b'1', NULL, NULL, NULL, NULL, NULL, b'0', b'1', b'1', b'1', b'1', b'0', b'0', b'1'),
(10, 7, 'I believe you can speak French too!', '2012-01-11 00:00:00', 'I believe you can speak French too!', 7, 'WAITING', 'Uskudar', 'Istanbul', 'Beylerbeyi', 1, 32, 947, b'0', NULL, NULL, NULL, NULL, NULL, b'0', b'0', b'0', b'0', b'0', b'0', b'0', b'0'),
(11, 7, 'Reading French Books', '2012-03-03 00:00:00', 'Reading French Books', 8, 'WAITING', '', '', '', NULL, NULL, NULL, b'0', NULL, NULL, NULL, NULL, NULL, b'0', b'0', b'0', b'0', b'0', b'0', b'0', b'1'),
(12, 19, 'Guitar hero ^^', '2012-03-25 00:00:00', 'Guitar hero ^^', 4, 'WAITING', 'Bagcilar', 'Istanbul', 'Yavuz Selim', 1, 3, 44, b'0', NULL, NULL, NULL, NULL, NULL, b'0', b'0', b'0', b'0', b'0', b'0', b'0', b'0'),
(13, 7, 'Need for speed', '2012-01-19 00:00:00', 'Need for speed', 12, 'WAITING', 'Bagcilar', 'Istanbul', 'Yildiztepe', 1, 3, 48, b'0', NULL, NULL, NULL, NULL, NULL, b'0', b'0', b'0', b'0', b'0', b'0', b'0', b'0'),
(14, 7, 'Geometry is that easy', '2012-01-11 00:00:00', 'Geometry is that easy', 9, 'WAITING', 'Sisli', 'Istanbul', 'Ferikoy', 1, 29, 855, b'0', NULL, NULL, NULL, NULL, NULL, b'0', b'0', b'0', b'0', b'0', b'0', b'0', b'0'),
(15, 19, 'Online Drawing Lessons', '2012-01-12 00:00:00', 'Online Drawing Lessons', 75, 'WAITING', '', '', '', NULL, NULL, NULL, b'1', NULL, NULL, NULL, NULL, NULL, b'1', b'1', b'1', b'1', b'0', b'0', b'0', b'1'),
(16, 1, 'Salsa baby', '2012-03-14 00:00:00', 'Salsa baby', 123, 'WAITING', 'Besiktas', 'Istanbul', 'Etiler', 1, 7, 143, b'0', NULL, NULL, NULL, NULL, NULL, b'0', b'0', b'0', b'0', b'0', b'0', b'0', b'0'),
(17, 19, 'French Speaking', '2012-02-09 00:00:00', 'French Speaking', 56, 'WAITING', '', '', '', NULL, NULL, NULL, b'1', NULL, NULL, NULL, NULL, NULL, b'0', b'1', b'1', b'1', b'0', b'0', b'0', b'1'),
(18, 1, 'Go out & have fun, i will take care of your kids', '2012-01-30 00:00:00', 'Go out & have fun, i will take care of your kids', 3, 'WAITING', 'Uskudar', 'Istanbul', 'Cengelkoy', 1, 32, 953, b'0', NULL, NULL, NULL, NULL, NULL, b'0', b'0', b'0', b'0', b'0', b'0', b'0', b'0'),
(19, 7, 'Van Gogh was an amateur too', '2012-02-21 00:00:00', 'Van Gogh was an amateur too', 189, 'WAITING', 'Besiktas', 'Istanbul', 'Levent', 1, 7, 149, b'1', b'0', '20:30', '23:00', 42, 47, b'1', b'0', b'1', b'1', b'0', b'0', b'0', b'0'),
(20, 1, 'Painting Guidance', '2012-01-13 00:00:00', 'Painting Guidance', 32, 'WAITING', '', '', '', NULL, NULL, NULL, b'0', NULL, NULL, NULL, NULL, NULL, b'0', b'0', b'0', b'0', b'0', b'0', b'0', b'1'),
(21, 1, 'Jennifer Style Salsa', '2012-01-14 00:00:00', 'Jennifer Style Salsa', 53, 'WAITING', 'Sisli', 'Istanbul', 'Fulya', 1, 29, 856, b'0', NULL, NULL, NULL, NULL, NULL, b'0', b'0', b'0', b'0', b'0', b'0', b'0', b'0'),
(22, 7, 'Reading for your little kids', '2012-04-06 00:00:00', 'Reading for your little kids', 2, 'WAITING', 'Besiktas', 'Istanbul', 'Etiler', 1, 7, 143, b'1', b'0', '13:00', '14:30', 27, 30, b'1', b'1', b'0', b'0', b'1', b'0', b'0', b'0'),
(23, 1, 'Solving Math Questions Online', '2012-11-02 00:00:00', 'Solving Math Questions Online', 32, 'WAITING', '', '', '', NULL, NULL, NULL, b'0', NULL, NULL, NULL, NULL, NULL, b'0', b'0', b'0', b'0', b'0', b'0', b'0', b'1'),
(24, 7, 'Basketball 1-1 match', '2012-01-27 00:00:00', 'Basketball 1-1 match', 24, 'WAITING', 'Kucukcekmece', 'Istanbul', 'Ikitelli', 1, 22, 703, b'0', NULL, NULL, NULL, NULL, NULL, b'0', b'0', b'0', b'0', b'0', b'0', b'0', b'0'),
(25, 19, 'Shooting practice with basketball pro', '2012-01-19 00:00:00', 'Shooting practice with basketball pro', 98, 'WAITING', 'Besiktas', 'Istanbul', 'Levent', 1, 7, 149, b'0', NULL, NULL, NULL, NULL, NULL, b'0', b'0', b'0', b'0', b'0', b'0', b'0', b'0'),
(26, 7, 'French Master!', '2012-01-20 00:00:00', 'French Master!', 28, 'WAITING', '', '', '', NULL, NULL, NULL, b'1', NULL, NULL, NULL, NULL, NULL, b'0', b'1', b'1', b'1', b'0', b'0', b'0', b'1'),
(27, 7, 'Swimming with style', '2012-02-18 00:00:00', 'Swimming with style', 54, 'WAITING', 'Uskudar', 'Istanbul', 'Cengelkoy', 1, 32, 953, b'0', NULL, NULL, NULL, NULL, NULL, b'0', b'0', b'0', b'0', b'0', b'0', b'0', b'0'),
(28, 7, 'Online Comics Reading', '2012-02-21 00:00:00', 'Online Comics Reading', 24, 'WAITING', '', '', '', NULL, NULL, NULL, b'0', NULL, NULL, NULL, NULL, NULL, b'0', b'0', b'0', b'0', b'0', b'0', b'0', b'1'),
(29, 19, 'Fast track swimming course', '2012-02-29 00:00:00', 'Fast track swimming course', 34, 'WAITING', 'Uskudar', 'Istanbul', 'Cengelkoy', 1, 32, 953, b'1', b'0', '16:30', '17:30', 34, 36, b'0', b'1', b'1', b'0', b'0', b'0', b'0', b'0'),
(30, 7, 'You will swim in 20 days', '2012-02-27 00:00:00', 'You will swim in 20 days', 53, 'WAITING', 'Maltepe', 'Istanbul', 'Kucukyali', 1, 23, 739, b'0', NULL, NULL, NULL, NULL, NULL, b'0', b'0', b'0', b'0', b'0', b'0', b'0', b'0'),
(31, 7, 'Happy Math Time!', '2012-01-30 00:00:00', 'Happy Math Time!', 2, 'WAITING', '', '', '', NULL, NULL, NULL, b'1', NULL, NULL, NULL, NULL, NULL, b'0', b'0', b'0', b'0', b'1', b'1', b'1', b'1'),
(32, 1, 'Keep yourself fit, start swimming lessons', '2012-02-21 00:00:00', 'Keep yourself fit, start swimming lessons', 12, 'WAITING', 'Besiktas', 'Istanbul', 'Etiler', 1, 7, 143, b'1', b'0', '20:00', '21:30', 41, 44, b'0', b'1', b'1', b'0', b'0', b'0', b'0', b'0'),
(33, 7, 'Parking lessons ', '2012-03-25 00:00:00', 'Parking lessons ', 56, 'WAITING', 'Kucukcekmece', 'Istanbul', 'Kartaltepe', 1, 22, 705, b'0', NULL, NULL, NULL, NULL, NULL, b'0', b'0', b'0', b'0', b'0', b'0', b'0', b'0'),
(34, 7, 'Reading horror books -.-', '2012-01-30 00:00:00', 'Reading horror books -.-', 76, 'WAITING', '', '', '', NULL, NULL, NULL, b'0', NULL, NULL, NULL, NULL, NULL, b'0', b'0', b'0', b'0', b'0', b'0', b'0', b'1'),
(35, 19, 'I can paint your house', '2012-02-22 00:00:00', 'I can paint your house', 34, 'WAITING', 'Kadikoy', 'Istanbul', 'Caferaga', 1, 19, 601, b'1', b'0', '22:00', '23:30', 45, 48, b'0', b'1', b'1', b'1', b'1', b'0', b'0', b'0'),
(36, 7, 'Garden care', '2012-01-28 00:00:00', 'Garden care', 34, 'WAITING', 'Besiktas', 'Istanbul', 'Etiler', 1, 7, 143, b'0', NULL, NULL, NULL, NULL, NULL, b'0', b'0', b'0', b'0', b'0', b'0', b'0', b'0'),
(37, 19, 'Dancing lessons with webcam!', '2012-01-19 00:00:00', 'Dancing lessons with webcam!', 87, 'WAITING', '', '', '', NULL, NULL, NULL, b'1', NULL, NULL, NULL, NULL, NULL, b'0', b'1', b'1', b'1', b'0', b'0', b'0', b'1'),
(38, 1, 'Your baby will be safe and happy with me', '2012-01-30 00:00:00', 'Your baby will be safe and happy with me', 43, 'WAITING', 'Kadikoy', 'Istanbul', 'Erenkoy', 1, 19, 607, b'0', NULL, NULL, NULL, NULL, NULL, b'0', b'0', b'0', b'0', b'0', b'0', b'0', b'0'),
(39, 7, 'I can be a tennis partner', '2012-02-17 00:00:00', 'I can be a tennis partner', 124, 'WAITING', 'Maltepe', 'Istanbul', 'Esenkent', 1, 23, 731, b'1', b'0', '16:00', '21:30', 33, 44, b'1', b'1', b'0', b'0', b'0', b'0', b'0', b'0'),
(40, 19, 'Paint it black!', '2012-03-21 00:00:00', 'Paint it black!', 78, 'WAITING', '', '', '', NULL, NULL, NULL, b'0', NULL, NULL, NULL, NULL, NULL, b'0', b'0', b'0', b'0', b'0', b'0', b'0', b'1'),
(41, 7, 'French is not a nightmare ', '2012-01-25 00:00:00', 'French is not a nightmare ', 5, 'WAITING', '', '', '', NULL, NULL, NULL, b'0', NULL, NULL, NULL, NULL, NULL, b'0', b'0', b'0', b'0', b'0', b'0', b'0', b'1'),
(42, 1, 'Child books online ', '2012-02-05 00:00:00', 'Child books online ', 3, 'WAITING', '', '', '', NULL, NULL, NULL, b'0', NULL, NULL, NULL, NULL, NULL, b'0', b'0', b'0', b'0', b'0', b'0', b'0', b'1'),
(43, 7, 'Your university researches will be easier', '2012-02-17 00:00:00', 'Your university researches will be easier', 65, 'WAITING', 'Kucukcekmece', 'Istanbul', 'Ikitelli', 1, 22, 703, b'1', b'1', '22:00', '22:00', 45, 45, b'1', b'1', b'1', b'1', b'0', b'0', b'0', b'0'),
(44, 19, 'Guitar sessions with my rockband', '2012-03-25 00:00:00', 'Guitar sessions with my rockband', 47, 'WAITING', '', '', '', NULL, NULL, NULL, b'0', NULL, NULL, NULL, NULL, NULL, b'0', b'0', b'0', b'0', b'0', b'0', b'0', b'1'),
(45, 7, 'Dance Dance Dance Signoria', '2012-01-31 00:00:00', 'Dance Dance Dance Signoria', 4, 'WAITING', 'Kadikoy', 'Istanbul', 'Caferaga', 1, 19, 601, b'1', b'0', '19:00', '22:00', 39, 45, b'1', b'1', b'1', b'1', b'0', b'1', b'0', b'0'),
(46, 19, 'Need a tango partner? I''m here!', '2012-03-10 00:00:00', 'Need a tango partner? I''m here!', 16, 'WAITING', 'Kadikoy', 'Istanbul', 'Caferaga', 1, 19, 601, b'0', NULL, NULL, NULL, NULL, NULL, b'0', b'0', b'0', b'0', b'0', b'0', b'0', b'0'),
(47, 7, 'Math Math Math', '2012-01-31 00:00:00', 'Math Math Math', 28, 'WAITING', '', '', '', NULL, NULL, NULL, b'0', NULL, NULL, NULL, NULL, NULL, b'0', b'0', b'0', b'0', b'0', b'0', b'0', b'1'),
(48, 7, 'I can cook your dinners!', '2012-01-23 00:00:00', 'I can cook your dinners!', 32, 'WAITING', 'Maltepe', 'Istanbul', 'Kucukyali', 1, 23, 739, b'0', NULL, NULL, NULL, NULL, NULL, b'0', b'0', b'0', b'0', b'0', b'0', b'0', b'0'),
(49, 19, 'Dancing Skype!', '2012-03-21 00:00:00', 'Dancing Skype!', 86, 'WAITING', '', '', '', NULL, NULL, NULL, b'0', NULL, NULL, NULL, NULL, NULL, b'0', b'0', b'0', b'0', b'0', b'0', b'0', b'1'),
(50, 7, 'Fixing your laptops!', '2012-03-31 00:00:00', 'Fixing your laptops!', 199, 'WAITING', 'Kadikoy', 'Istanbul', 'Erenkoy', 1, 19, 607, b'1', b'1', '20:30', '20:30', 42, 42, b'0', b'1', b'1', b'1', b'0', b'1', b'0', b'0'),
(51, 1, 'I''ll mow your lawn, you''ll notice the difference.', '2012-01-31 00:00:00', 'Lawn Mowing', 199, 'WAITING', '', 'Istanbul', '', 1, NULL, NULL, NULL, NULL, '00:00', '00:00', 1, 1, NULL, NULL, NULL, NULL, NULL, NULL, NULL, NULL),
(52, 7, 'I have lived in Naples for 5 years, I can teach Italian for beginners and intermediate.', '2012-05-11 00:00:00', 'Mambo Italiano! Italian for beginners', 205, 'WAITING', 'Besiktas', 'Istanbul', 'Bebek', 1, 7, 135, NULL, NULL, '00:00', '00:00', 1, 1, NULL, NULL, NULL, NULL, NULL, NULL, NULL, NULL),
(53, 19, 'I''ll exterminate any parasites living in your house. You don''t have to share your life with them. If you want them dead, their children dead and their own parasites dead, just let me know. You know I can do it.', '2012-02-09 00:00:00', 'Exterminate ''em All', 204, 'HANDSHAKED', 'Beykoz', 'Istanbul', '', 1, 8, NULL, NULL, NULL, '00:00', '00:00', 1, 1, NULL, NULL, NULL, NULL, NULL, NULL, NULL, NULL),
(54, 1, 'I love reading Tolkien books, Would you share it with me?', '2012-01-02 00:00:00', 'Still Need Tolkien Books', 207, 'HANDSHAKED', 'Besiktas', 'Istanbul', 'Etiler', 1, 7, 143, NULL, NULL, '00:00', '00:00', 1, 1, NULL, NULL, NULL, NULL, NULL, NULL, NULL, NULL),
(55, 1, 'Anyone speaking Italian? ', '2012-01-12 00:00:00', 'OFFER FOR: Anyone speaking Italian? ', 207, 'HANDSHAKED', NULL, NULL, NULL, NULL, NULL, NULL, NULL, NULL, NULL, NULL, NULL, NULL, NULL, NULL, NULL, NULL, NULL, NULL, NULL, NULL),
(56, 19, 'Can you keep my babies safe?', '2012-03-03 00:00:00', 'OFFER FOR: Can you keep my babies safe?', 207, 'WAITING', NULL, NULL, NULL, NULL, NULL, NULL, NULL, NULL, NULL, NULL, NULL, NULL, NULL, NULL, NULL, NULL, NULL, NULL, NULL, NULL),
(57, 1, 'Beep beep.', '2012-01-29 00:00:00', 'Teaching Beesus Christ to Beeoples', 208, 'WAITING', 'Besiktas', 'Istanbul', '', 1, 7, NULL, b'1', NULL, '10:30', '07:30', 22, 16, NULL, NULL, NULL, NULL, NULL, NULL, NULL, NULL),
(58, 7, 'Is no one having fun at your parties? Do you lack joy? Stop throwing boring parties! Invite me in to your next party and I make it the event of your life!', '2012-03-24 00:00:00', 'I can be the monkey of your party!', 211, 'HANDSHAKED', '', 'Istanbul', '', 1, NULL, NULL, b'1', NULL, '18:00', '01:30', 37, 4, NULL, NULL, NULL, NULL, b'1', b'1', NULL, NULL),
(59, 7, 'I train chiefs!!!', '2012-05-16 00:00:00', 'Chief Training', 207, 'WAITING', '', 'Istanbul', '', 1, NULL, NULL, NULL, NULL, '00:00', '00:00', 1, 1, NULL, NULL, NULL, NULL, NULL, NULL, NULL, b'1'),
(60, 1, 'I need someone to read for visually impaired children im my neighborhood. Help me', '2012-02-29 00:00:00', 'OFFER FOR: read to blind children', 207, 'HANDSHAKED', NULL, NULL, NULL, NULL, NULL, NULL, NULL, NULL, NULL, NULL, NULL, NULL, NULL, NULL, NULL, NULL, NULL, NULL, NULL, NULL),
(61, 19, 'Tennis partner ', '2012-03-12 00:00:00', 'OFFER FOR: Tennis partner ', 214, 'HANDSHAKED', NULL, NULL, NULL, NULL, NULL, NULL, NULL, NULL, NULL, NULL, NULL, NULL, NULL, NULL, NULL, NULL, NULL, NULL, NULL, NULL),
(62, 7, 'Help with my Math lesson', '2012-03-03 00:00:00', 'OFFER FOR: Help with my Math lesson', 214, 'HANDSHAKED', NULL, NULL, NULL, NULL, NULL, NULL, NULL, NULL, NULL, NULL, NULL, NULL, NULL, NULL, NULL, NULL, NULL, NULL, NULL, NULL),
(63, 7, 'Parking practice', '2012-01-19 00:00:00', 'OFFER FOR: Parking practice', 214, 'HANDSHAKED', NULL, NULL, NULL, NULL, NULL, NULL, NULL, NULL, NULL, NULL, NULL, NULL, NULL, NULL, NULL, NULL, NULL, NULL, NULL, NULL),
(64, 7, 'Are you away or unable to give your dog a good walk? \r\n\r\nI would love to walk your dog. I love dogs, but I can''t have one in my apartment. I always had dogs and miss them. I know how to handle dogs very well.', '2013-01-31 00:00:00', 'I can walk your dog', 216, 'WAITING', 'Besiktas', 'Istanbul', '', 1, 7, NULL, b'1', NULL, '15:00', '17:00', 31, 35, b'1', b'1', b'1', b'1', b'1', NULL, NULL, NULL),
(65, 7, 'i would like to teach french to anybody interested.', '2012-01-31 00:00:00', 'Teaching French', 218, 'WAITING', 'Kadikoy', 'Istanbul', 'Moda', 1, 19, 630, b'1', NULL, '20:00', '21:00', 41, 43, b'1', NULL, b'1', NULL, b'1', NULL, NULL, NULL),
(66, 1, 'I hug for free', '2012-02-29 00:00:00', 'Free hugs', 220, 'WAITING', 'Beyoglu', 'Istanbul', 'Cihangir', 1, 9, 206, NULL, NULL, '00:00', '00:00', 1, 1, NULL, NULL, NULL, NULL, NULL, NULL, NULL, NULL),
(67, 1, 'Excel scripts macros', '2012-02-05 00:00:00', 'OFFER FOR: Excel scripts macros', 224, 'WAITING', NULL, NULL, NULL, NULL, NULL, NULL, NULL, NULL, NULL, NULL, NULL, NULL, NULL, NULL, NULL, NULL, NULL, NULL, NULL, NULL),
(68, 19, 'I want to play guitar', '2012-03-25 00:00:00', 'OFFER FOR: I want to play guitar', 224, 'WAITING', NULL, NULL, NULL, NULL, NULL, NULL, NULL, NULL, NULL, NULL, NULL, NULL, NULL, NULL, NULL, NULL, NULL, NULL, NULL, NULL),
(69, 1, 'I need a ride from gaziosmanpaşa to rumeli hisarüstü on monday, wednesday, thursday at between 17:00 and 18:00', '2012-03-04 00:00:00', 'OFFER FOR: Ride', 226, 'HANDSHAKED', NULL, NULL, NULL, NULL, NULL, NULL, NULL, NULL, NULL, NULL, NULL, NULL, NULL, NULL, NULL, NULL, NULL, NULL, NULL, NULL),
(70, 1, 'Abcd', '2012-06-15 00:00:00', 'Electric guitar lesson', 224, 'WAITING', 'Sisli', 'Istanbul', 'Mecidiyekoy', 1, 29, 873, b'1', NULL, '22:00', '00:00', 45, 1, NULL, NULL, NULL, NULL, NULL, b'1', NULL, NULL),
(71, 7, 'Dancing lessons, tango preffered', '2012-01-27 00:00:00', 'OFFER FOR: Dancing lessons, tango preffered', 228, 'HANDSHAKED', NULL, NULL, NULL, NULL, NULL, NULL, NULL, NULL, NULL, NULL, NULL, NULL, NULL, NULL, NULL, NULL, NULL, NULL, NULL, NULL),
(72, 1, 'math for oss', '2012-02-29 00:00:00', 'mathematics', 229, 'HANDSHAKED', '', 'Istanbul', '', 1, NULL, NULL, b'1', NULL, '00:00', '00:00', 1, 1, NULL, NULL, NULL, NULL, NULL, b'1', b'1', NULL),
(73, 1, 'I can teach anybody playing flute', '2012-03-08 00:00:00', 'yan flüt', 228, 'HANDSHAKED', 'Esenyurt', 'Istanbul', 'Merkez', 1, 14, 434, b'1', NULL, '04:00', '07:00', 9, 15, b'1', b'1', NULL, NULL, NULL, NULL, NULL, NULL),
(74, 7, 'Wanna learn Salsa', '2012-01-31 00:00:00', 'OFFER FOR: Wanna learn Salsa', 228, 'WAITING', NULL, NULL, NULL, NULL, NULL, NULL, NULL, NULL, NULL, NULL, NULL, NULL, NULL, NULL, NULL, NULL, NULL, NULL, NULL, NULL),
(75, 1, 'Three laws of robotics will be taught.\r\n<br/>\r\nExtra: 0th law', '2012-11-15 00:00:00', 'Teaching Laws of Robotics', 238, 'HANDSHAKED', '', 'Istanbul', '', 1, NULL, NULL, b'1', NULL, '22:00', '22:30', 45, 46, NULL, NULL, b'1', b'1', NULL, NULL, NULL, b'1'),
(76, 19, 'Business writing skill in English', '2012-02-09 00:00:00', 'OFFER FOR: Business writing skill in English', 239, 'WAITING', NULL, NULL, NULL, NULL, NULL, NULL, NULL, NULL, NULL, NULL, NULL, NULL, NULL, NULL, NULL, NULL, NULL, NULL, NULL, NULL),
(77, 1, 'I can teach spanish', '2012-12-31 00:00:00', 'Spanish Lesson', 239, 'HANDSHAKED', 'Sisli', 'Istanbul', 'Mecidiyekoy', 1, 29, 873, b'1', NULL, '16:00', '17:00', 33, 35, NULL, NULL, NULL, NULL, NULL, b'1', b'1', NULL),
(78, 7, 'Need math lessons for my 10 yo kid', '2012-02-21 00:00:00', 'OFFER FOR: Need math lessons for my 10 yo kid', 239, 'WAITING', NULL, NULL, NULL, NULL, NULL, NULL, NULL, NULL, NULL, NULL, NULL, NULL, NULL, NULL, NULL, NULL, NULL, NULL, NULL, NULL),
(79, 7, 'ASTAH Community is the best tool available to draw UML diagrams. And I am the most experienced person who uses it. I can offer you some lessons, especially group lessons are preffered.', '2012-06-30 00:00:00', 'Teaching ASTAH UML Diagrams', 219, 'WAITING', 'Sariyer', 'Istanbul', 'Hisarustu', 1, 25, 797, b'1', NULL, '03:00', '00:30', 7, 2, b'1', b'1', b'1', b'1', b'1', b'1', b'1', NULL),
(80, 1, 'Desgaration ', '2012-04-22 00:00:00', 'Tag Test', 219, 'WAITING', '', 'Istanbul', '', 1, NULL, NULL, b'1', NULL, '00:00', '00:00', 1, 1, NULL, b'1', NULL, NULL, NULL, NULL, NULL, NULL),
(81, 1, 'Teaching English', '2012-03-30 00:00:00', 'English Literature', 237, 'WAITING', '', 'Istanbul', '', 1, NULL, NULL, NULL, NULL, '00:00', '00:00', 1, 1, NULL, NULL, NULL, NULL, NULL, NULL, NULL, NULL),
(82, 1, 'Teaching French Literature', '2012-03-31 00:00:00', 'French Literature', 237, 'WAITING', '', 'Istanbul', '', 1, NULL, NULL, NULL, NULL, '00:00', '00:00', 1, 1, NULL, NULL, NULL, NULL, NULL, NULL, NULL, NULL),
(83, 1, 'Swe world book, is the best beyoglu', '2012-03-01 00:00:00', 'Swe Worldbook', 219, 'WAITING', '', 'Istanbul', '', 1, NULL, NULL, NULL, NULL, '00:00', '00:00', 1, 1, NULL, NULL, NULL, NULL, NULL, NULL, NULL, NULL),
(84, 1, 'djf mm', '2012-03-10 00:00:00', 'playing violin', 231, 'WAITING', '', 'Istanbul', '', 1, NULL, NULL, NULL, NULL, '00:00', '00:00', 1, 1, NULL, NULL, NULL, NULL, NULL, NULL, NULL, NULL),
(85, 7, 'Learn how to make origami !', '2012-06-09 00:00:00', 'Origami', 243, 'WAITING', 'Besiktas', 'Istanbul', 'Bebek', 1, 7, 135, NULL, NULL, '00:00', '00:00', 1, 1, NULL, NULL, NULL, NULL, NULL, NULL, NULL, NULL),
(86, 1, 'fitness', '2012-03-09 00:00:00', 'kutayTest', 221, 'HANDSHAKED', '', 'Istanbul', '', 1, NULL, NULL, NULL, NULL, '00:00', '00:00', 1, 1, NULL, NULL, NULL, NULL, NULL, NULL, NULL, NULL),
(87, 7, 'book Test', '2012-03-02 00:00:00', 'book', 221, 'HANDSHAKED', '', 'Istanbul', '', 1, NULL, NULL, NULL, NULL, '00:00', '00:00', 1, 1, NULL, NULL, NULL, NULL, NULL, NULL, NULL, NULL),
(88, 1, 'java Test', '2012-03-31 00:00:00', 'java', 221, 'HANDSHAKED', '', 'Istanbul', '', 1, NULL, NULL, b'1', NULL, '00:00', '00:00', 1, 1, NULL, NULL, NULL, NULL, NULL, NULL, NULL, NULL),
(89, 1, 'Bakır tencereler kalaylanır :)', '2012-03-31 00:00:00', 'Kalay', 245, 'WAITING', 'Beykoz', 'Istanbul', 'Yalikoy', 1, 8, 196, NULL, NULL, '00:00', '00:00', 1, 1, NULL, NULL, NULL, NULL, NULL, NULL, NULL, NULL);

-- --------------------------------------------------------

--
-- Tablo için tablo yapısı: `Recoccurancehour`
--

CREATE TABLE IF NOT EXISTS `Recoccurancehour` (
  `id` bigint(20) NOT NULL,
  `hour_min` varchar(255) DEFAULT NULL,
  `val` bigint(20) DEFAULT NULL
) ENGINE=InnoDB DEFAULT CHARSET=utf8;

--
-- Tablo döküm verisi `Recoccurancehour`
--

INSERT INTO `Recoccurancehour` (`id`, `hour_min`, `val`) VALUES
(1, '00:00', 1),
(2, '00:30', 2),
(3, '01:00', 3),
(4, '01:30', 4),
(5, '02:00', 5),
(6, '02:30', 6),
(7, '03:00', 7),
(8, '03:30', 8),
(9, '04:00', 9),
(10, '04:30', 10),
(11, '05:00', 11),
(12, '05:30', 12),
(13, '06:00', 13),
(14, '06:30', 14),
(15, '07:00', 15),
(16, '07:30', 16),
(17, '08:00', 17),
(18, '08:30', 18),
(19, '09:00', 19),
(20, '09:30', 20),
(21, '10:00', 21),
(22, '10:30', 22),
(23, '11:00', 23),
(24, '11:30', 24),
(25, '12:00', 25),
(26, '12:30', 26),
(27, '13:00', 27),
(28, '13:30', 28),
(29, '14:00', 29),
(30, '14:30', 30),
(31, '15:00', 31),
(32, '15:30', 32),
(33, '16:00', 33),
(34, '16:30', 34),
(35, '17:00', 35),
(36, '17:30', 36),
(37, '18:00', 37),
(38, '18:30', 38),
(39, '19:00', 39),
(40, '19:30', 40),
(41, '20:00', 41),
(42, '20:30', 42),
(43, '21:00', 43),
(44, '21:30', 44),
(45, '22:00', 45),
(46, '22:30', 46),
(47, '23:00', 47),
(48, '23:30', 48);

-- --------------------------------------------------------

--
-- Tablo için tablo yapısı: `Request`
--

CREATE TABLE IF NOT EXISTS `Request` (
  `id` bigint(20) NOT NULL AUTO_INCREMENT,
  `description` longtext,
  `endDate` datetime DEFAULT NULL,
  `isFinalized` bit(1) DEFAULT NULL,
  `title` varchar(255) DEFAULT NULL,
  `user_id` bigint(20) DEFAULT NULL,
  `status` varchar(255) DEFAULT NULL,
  `city_name` varchar(255) DEFAULT NULL,
  `county_name` varchar(255) DEFAULT NULL,
  `district_name` varchar(255) DEFAULT NULL,
  `city_id` bigint(20) DEFAULT NULL,
  `county_id` bigint(20) DEFAULT NULL,
  `district_id` bigint(20) DEFAULT NULL,
  `credit` int(11) DEFAULT NULL,
  `reoccure` bit(1) DEFAULT NULL,
  `is_all_hours` bit(1) DEFAULT NULL,
  `reocc_start_hour` varchar(255) DEFAULT NULL,
  `reocc_end_hour` varchar(255) DEFAULT NULL,
  `reocc_start_hour_val` bigint(20) DEFAULT NULL,
  `reocc_end_hour_val` bigint(20) DEFAULT NULL,
  `is_rec_monday` bit(1) DEFAULT NULL,
  `is_rec_tuesday` bit(1) DEFAULT NULL,
  `is_rec_wednesday` bit(1) DEFAULT NULL,
  `is_rec_thursday` bit(1) DEFAULT NULL,
  `is_rec_friday` bit(1) DEFAULT NULL,
  `is_rec_saturday` bit(1) DEFAULT NULL,
  `is_rec_sunday` bit(1) DEFAULT NULL,
  `is_virtual` bit(1) DEFAULT NULL,
  PRIMARY KEY (`id`),
  KEY `FKA4878A6F47140EFE` (`user_id`)
) ENGINE=InnoDB  DEFAULT CHARSET=utf8 AUTO_INCREMENT=94 ;

--
-- Tablo döküm verisi `Request`
--

INSERT INTO `Request` (`id`, `description`, `endDate`, `isFinalized`, `title`, `user_id`, `status`, `city_name`, `county_name`, `district_name`, `city_id`, `county_id`, `district_id`, `credit`, `reoccure`, `is_all_hours`, `reocc_start_hour`, `reocc_end_hour`, `reocc_start_hour_val`, `reocc_end_hour_val`, `is_rec_monday`, `is_rec_tuesday`, `is_rec_wednesday`, `is_rec_thursday`, `is_rec_friday`, `is_rec_saturday`, `is_rec_sunday`, `is_virtual`) VALUES
(1, 'Anyone speaking Italian? ', '2012-01-12 00:00:00', NULL, 'Anyone speaking Italian? ', 1, 'HANDSHAKED', '', '', '', NULL, NULL, NULL, 1, b'0', NULL, NULL, NULL, NULL, NULL, b'0', b'0', b'0', b'0', b'0', b'0', b'0', b'1'),
(2, 'Wanna learn Salsa', '2012-01-31 00:00:00', NULL, 'Wanna learn Salsa', 23, 'WAITING', 'Istanbul', 'Sisli', 'Halaskargazi', 1, 29, 860, 7, b'0', b'0', '17:30', '20:00', 36, 41, b'0', b'0', b'0', b'1', b'1', b'0', b'0', b'0'),
(3, 'I want to learn C# from experienced developer', '2012-01-30 00:00:00', NULL, 'C# and Javascript Course', 2, 'WAITING', 'Istanbul', '', '', 1, NULL, NULL, 1, b'1', NULL, '00:00', '00:00', 1, 1, b'0', b'1', b'0', b'1', b'0', b'0', b'0', b'1'),
(4, 'Somebody can help me with painting?', '2012-01-19 00:00:00', NULL, 'Somebody can help me with painting?', 32, 'WAITING', 'Istanbul', 'Bagcilar', 'Inonu', 1, 3, 34, 7, b'0', NULL, NULL, NULL, NULL, NULL, b'0', b'0', b'0', b'0', b'0', b'0', b'0', b'0'),
(5, 'Can you keep my babies safe?', '2012-03-03 00:00:00', NULL, 'Can you keep my babies safe?', 23, 'WAITING', 'Istanbul', 'Bagcilar', 'Sancaktepe', 1, 3, 43, 19, b'0', NULL, NULL, NULL, NULL, NULL, b'0', b'0', b'0', b'0', b'0', b'0', b'0', b'0'),
(6, 'Need swimming teacher and partner', '2012-01-17 00:00:00', NULL, 'Need swimming teacher and partner', 3, 'WAITING', 'Istanbul', 'Sisli', 'Fulya', 1, 29, 856, 7, b'1', b'0', '21:30', '23:00', 44, 47, b'0', b'1', b'1', b'1', b'1', b'1', b'0', b'0'),
(7, 'Indoor painting, small house', '2012-01-22 00:00:00', NULL, 'Indoor painting, small house', 6, 'WAITING', 'Istanbul', 'Sisli', 'Halaskargazi', 1, 29, 860, 1, b'0', NULL, NULL, NULL, NULL, NULL, b'0', b'0', b'0', b'0', b'0', b'0', b'0', b'0'),
(8, 'Tennis partner ', '2012-03-12 00:00:00', NULL, 'Tennis partner ', 4, 'HANDSHAKED', 'Istanbul', 'Sisli', 'Ferikoy', 1, 29, 855, 19, b'0', NULL, NULL, NULL, NULL, NULL, b'0', b'0', b'0', b'0', b'0', b'0', b'0', b'0'),
(9, 'I want to speak French with a partner. French people preffered. Thanks.', '2012-01-10 00:00:00', NULL, 'Searching for French speaking partner ', 2, 'WAITING', 'Istanbul', '', '', 1, NULL, NULL, 1, b'1', NULL, '00:00', '00:00', 1, 1, b'0', b'1', b'1', b'1', b'1', b'0', b'0', b'1'),
(10, 'Pair programming with 5+ years exp. dev.', '2012-01-11 00:00:00', NULL, 'Pair programming with 5+ years exp. dev.', 7, 'WAITING', 'Istanbul', 'Uskudar', 'Beylerbeyi', 1, 32, 947, 7, b'0', NULL, NULL, NULL, NULL, NULL, b'0', b'0', b'0', b'0', b'0', b'0', b'0', b'0'),
(11, 'Help with my Math lesson', '2012-03-03 00:00:00', NULL, 'Help with my Math lesson', 8, 'HANDSHAKED', '', '', '', NULL, NULL, NULL, 7, b'0', NULL, NULL, NULL, NULL, NULL, b'0', b'0', b'0', b'0', b'0', b'0', b'0', b'1'),
(12, 'I want to play guitar', '2012-03-25 00:00:00', NULL, 'I want to play guitar', 4, 'WAITING', 'Istanbul', 'Bagcilar', 'Yavuz Selim', 1, 3, 44, 19, b'0', NULL, NULL, NULL, NULL, NULL, b'0', b'0', b'0', b'0', b'0', b'0', b'0', b'0'),
(13, 'Parking practice', '2012-01-19 00:00:00', NULL, 'Parking practice', 92, 'HANDSHAKED', 'Istanbul', 'Bagcilar', 'Yildiztepe', 1, 3, 48, 7, b'0', NULL, NULL, NULL, NULL, NULL, b'0', b'0', b'0', b'0', b'0', b'0', b'0', b'0'),
(14, 'Tango partner needed', '2012-01-11 00:00:00', NULL, 'Tango partner needed', 9, 'WAITING', 'Istanbul', 'Sisli', 'Ferikoy', 1, 29, 855, 7, b'0', NULL, NULL, NULL, NULL, NULL, b'0', b'0', b'0', b'0', b'0', b'0', b'0', b'0'),
(15, 'Italian speaking', '2012-01-12 00:00:00', NULL, 'Italian speaking', 75, 'WAITING', '', '', '', NULL, NULL, NULL, 19, b'1', NULL, NULL, NULL, NULL, NULL, b'1', b'1', b'1', b'1', b'0', b'0', b'0', b'1'),
(16, 'English lessons for academic purposes', '2012-03-14 00:00:00', NULL, 'English lessons for academic purposes', 123, 'WAITING', 'Istanbul', 'Besiktas', 'Etiler', 1, 7, 143, 1, b'0', NULL, NULL, NULL, NULL, NULL, b'0', b'0', b'0', b'0', b'0', b'0', b'0', b'0'),
(17, 'Business writing skill in English', '2012-02-09 00:00:00', NULL, 'Business writing skill in English', 56, 'WAITING', '', '', '', NULL, NULL, NULL, 19, b'1', NULL, NULL, NULL, NULL, NULL, b'0', b'1', b'1', b'1', b'0', b'0', b'0', b'1'),
(18, 'Can i draw?', '2012-01-30 00:00:00', NULL, 'Can i draw?', 3, 'WAITING', 'Istanbul', 'Uskudar', 'Cengelkoy', 1, 32, 953, 1, b'0', NULL, NULL, NULL, NULL, NULL, b'0', b'0', b'0', b'0', b'0', b'0', b'0', b'0'),
(19, 'Need math lessons for my 10 yo kid', '2012-02-21 00:00:00', NULL, 'Need math lessons for my 10 yo kid', 43, 'WAITING', 'Istanbul', 'Besiktas', 'Levent', 1, 7, 149, 7, b'0', b'0', '20:30', '23:00', 42, 47, b'1', b'1', b'0', b'0', b'0', b'0', b'0', b'0'),
(20, 'Coding horror : ORM. help pls', '2012-01-13 00:00:00', NULL, 'Coding horror : ORM. help pls', 32, 'WAITING', '', '', '', NULL, NULL, NULL, 1, b'0', NULL, NULL, NULL, NULL, NULL, b'0', b'0', b'0', b'0', b'0', b'0', b'0', b'1'),
(21, 'Swimming, diving etc.', '2012-01-14 00:00:00', NULL, 'Swimming, diving etc.', 53, 'WAITING', 'Istanbul', 'Sisli', 'Fulya', 1, 29, 856, 1, b'0', NULL, NULL, NULL, NULL, NULL, b'0', b'0', b'0', b'0', b'0', b'0', b'0', b'0'),
(22, 'Italian people there? Need speaking lessons', '2012-04-06 00:00:00', NULL, 'Italian people there? Need speaking lessons', 191, 'WAITING', 'Istanbul', 'Besiktas', 'Etiler', 1, 7, 143, 7, b'1', b'0', '13:00', '14:30', 27, 30, b'1', b'1', b'1', b'1', b'1', b'1', b'1', b'0'),
(23, 'Drawing lessons, need guidance', '2012-11-02 00:00:00', NULL, 'Drawing lessons, need guidance', 32, 'WAITING', '', '', '', NULL, NULL, NULL, 1, b'0', NULL, NULL, NULL, NULL, NULL, b'0', b'0', b'0', b'0', b'0', b'0', b'0', b'1'),
(24, 'Dancing lessons, tango preffered', '2012-01-27 00:00:00', NULL, 'Dancing lessons, tango preffered', 99, 'HANDSHAKED', 'Istanbul', 'Kucukcekmece', 'Ikitelli', 1, 22, 703, 7, b'0', NULL, NULL, NULL, NULL, NULL, b'0', b'0', b'0', b'0', b'0', b'0', b'0', b'0'),
(25, 'Salsa lessons', '2012-01-19 00:00:00', NULL, 'Salsa lessons', 98, 'WAITING', 'Istanbul', 'Besiktas', 'Levent', 1, 7, 149, 19, b'0', NULL, NULL, NULL, NULL, NULL, b'0', b'0', b'0', b'0', b'0', b'0', b'0', b'0'),
(26, 'Online English Course', '2012-01-20 00:00:00', NULL, 'Online English Course', 28, 'WAITING', '', '', '', NULL, NULL, NULL, 7, b'1', NULL, NULL, NULL, NULL, NULL, b'0', b'1', b'1', b'1', b'0', b'0', b'0', b'1'),
(27, 'English writing', '2012-02-18 00:00:00', NULL, 'English writing', 54, 'WAITING', 'Istanbul', 'Uskudar', 'Cengelkoy', 1, 32, 953, 7, b'0', NULL, NULL, NULL, NULL, NULL, b'0', b'0', b'0', b'0', b'0', b'0', b'0', b'0'),
(28, 'Anyone can read books from skype?', '2012-02-21 00:00:00', NULL, 'Anyone can read books from skype?', 24, 'WAITING', '', '', '', NULL, NULL, NULL, 7, b'0', NULL, NULL, NULL, NULL, NULL, b'0', b'0', b'0', b'0', b'0', b'0', b'0', b'1'),
(29, 'Anybody read French books?', '2012-02-29 00:00:00', NULL, 'Anybody read French books?', 34, 'WAITING', 'Istanbul', 'Uskudar', 'Cengelkoy', 1, 32, 953, 19, b'1', b'0', '16:30', '17:30', 34, 36, b'0', b'1', b'1', b'1', b'1', b'0', b'0', b'0'),
(30, 'Need outdoors painting help', '2012-02-27 00:00:00', NULL, 'Need outdoors painting help', 53, 'WAITING', 'Istanbul', 'Maltepe', 'Kucukyali', 1, 23, 739, 7, b'0', NULL, NULL, NULL, NULL, NULL, b'0', b'0', b'0', b'0', b'0', b'0', b'0', b'0'),
(31, 'Italian translation via teamviewer', '2012-01-30 00:00:00', NULL, 'Italian translation via teamviewer', 2, 'WAITING', '', '', '', NULL, NULL, NULL, 7, b'1', NULL, NULL, NULL, NULL, NULL, b'0', b'0', b'0', b'0', b'1', b'1', b'1', b'1'),
(32, 'Painting my summerhouse', '2012-02-21 00:00:00', NULL, 'Painting my summerhouse', 12, 'WAITING', 'Istanbul', 'Besiktas', 'Etiler', 1, 7, 143, 1, b'1', b'0', '20:00', '21:30', 41, 44, b'0', b'0', b'0', b'0', b'0', b'0', b'1', b'0'),
(33, 'My neighbours need painting help', '2012-03-25 00:00:00', NULL, 'My neighbours need painting help', 56, 'WAITING', 'Istanbul', 'Kucukcekmece', 'Kartaltepe', 1, 22, 705, 7, b'0', NULL, NULL, NULL, NULL, NULL, b'0', b'0', b'0', b'0', b'0', b'0', b'0', b'0'),
(34, 'Geometry teacher needed', '2012-01-30 00:00:00', NULL, 'Geometry teacher needed', 76, 'WAITING', '', '', '', NULL, NULL, NULL, 7, b'0', NULL, NULL, NULL, NULL, NULL, b'0', b'0', b'0', b'0', b'0', b'0', b'0', b'1'),
(35, 'I have a Mini, can you help with pro driving ', '2012-02-22 00:00:00', NULL, 'I have a Mini, can you help with pro driving ', 34, 'WAITING', 'Istanbul', 'Kadikoy', 'Caferaga', 1, 19, 601, 19, b'1', b'0', '22:00', '23:30', 45, 48, b'0', b'0', b'1', b'1', b'1', b'1', b'0', b'0'),
(36, 'My garden needs help :(', '2012-01-28 00:00:00', NULL, 'My garden needs help :(', 70, 'WAITING', 'Istanbul', 'Besiktas', 'Etiler', 1, 7, 143, 7, b'0', NULL, NULL, NULL, NULL, NULL, b'0', b'0', b'0', b'0', b'0', b'0', b'0', b'0'),
(37, 'Sewing, minor, help needed', '2012-01-19 00:00:00', NULL, 'Sewing, minor, help needed', 87, 'WAITING', '', '', '', NULL, NULL, NULL, 19, b'1', NULL, NULL, NULL, NULL, NULL, b'0', b'1', b'1', b'1', b'0', b'0', b'0', b'1'),
(38, 'Samba?', '2012-01-30 00:00:00', NULL, 'Samba?', 43, 'WAITING', 'Istanbul', 'Kadikoy', 'Erenkoy', 1, 19, 607, 1, b'0', NULL, NULL, NULL, NULL, NULL, b'0', b'0', b'0', b'0', b'0', b'0', b'0', b'0'),
(39, 'Can you be my dancing partner? ', '2012-02-17 00:00:00', NULL, 'Can you be my dancing partner? ', 124, 'WAITING', 'Istanbul', 'Maltepe', 'Esenkent', 1, 23, 731, 7, b'0', b'0', '16:00', '21:30', 33, 44, b'0', b'1', b'0', b'0', b'1', b'0', b'0', b'0'),
(40, 'Italian grammar', '2012-03-21 00:00:00', NULL, 'Italian grammar', 78, 'WAITING', '', '', '', NULL, NULL, NULL, 19, b'0', NULL, NULL, NULL, NULL, NULL, b'0', b'0', b'0', b'0', b'0', b'0', b'0', b'1'),
(41, 'French online', '2012-01-25 00:00:00', NULL, 'French online', 5, 'WAITING', '', '', '', NULL, NULL, NULL, 7, b'0', NULL, NULL, NULL, NULL, NULL, b'0', b'0', b'0', b'0', b'0', b'0', b'0', b'1'),
(42, 'Excel scripts macros', '2012-02-05 00:00:00', NULL, 'Excel scripts macros', 3, 'WAITING', '', '', '', NULL, NULL, NULL, 1, b'0', NULL, NULL, NULL, NULL, NULL, b'0', b'0', b'0', b'0', b'0', b'0', b'0', b'1'),
(43, 'I want to learn Italian or French', '2012-02-17 00:00:00', NULL, 'I want to learn Italian or French', 65, 'WAITING', 'Istanbul', 'Kucukcekmece', 'Ikitelli', 1, 22, 703, 7, b'0', b'1', '22:00', '22:00', 45, 45, b'1', b'1', b'1', b'1', b'0', b'1', b'0', b'0'),
(44, 'Making it work : phyton anyone?', '2012-03-25 00:00:00', NULL, 'Making it work : phyton anyone?', 47, 'WAITING', '', '', '', NULL, NULL, NULL, 19, b'0', NULL, NULL, NULL, NULL, NULL, b'0', b'0', b'0', b'0', b'0', b'0', b'0', b'1'),
(45, 'Got talent, need your help with drawing', '2012-01-31 00:00:00', NULL, 'Got talent, need your help with drawing', 4, 'WAITING', 'Istanbul', 'Kadikoy', 'Caferaga', 1, 19, 601, 7, b'1', b'0', '19:00', '22:00', 39, 45, b'0', b'0', b'0', b'1', b'0', b'1', b'1', b'0'),
(46, 'Painting, we need some teammates ^^', '2012-03-10 00:00:00', NULL, 'Painting, we need some teammates ^^', 16, 'WAITING', 'Istanbul', 'Kadikoy', 'Caferaga', 1, 19, 601, 19, b'0', NULL, NULL, NULL, NULL, NULL, b'0', b'0', b'0', b'0', b'0', b'0', b'0', b'0'),
(47, 'Aaare youu Italiaaaan?', '2012-01-31 00:00:00', NULL, 'Aaare youu Italiaaaan?', 28, 'WAITING', '', '', '', NULL, NULL, NULL, 7, b'0', NULL, NULL, NULL, NULL, NULL, b'0', b'0', b'0', b'0', b'0', b'0', b'0', b'1'),
(48, 'I want to learn how to swim', '2012-01-23 00:00:00', NULL, 'I want to learn how to swim', 133, 'WAITING', 'Istanbul', 'Maltepe', 'Kucukyali', 1, 23, 739, 7, b'0', NULL, NULL, NULL, NULL, NULL, b'0', b'0', b'0', b'0', b'0', b'0', b'0', b'0'),
(49, 'Course Mathematics (Geometry)', '2012-03-21 00:00:00', NULL, 'Course Mathematics (Geometry)', 199, 'WAITING', '', '', '', NULL, NULL, NULL, 19, b'0', NULL, NULL, NULL, NULL, NULL, b'0', b'0', b'0', b'0', b'0', b'0', b'0', b'1'),
(50, 'Swimming, pool and sea', '2012-03-31 00:00:00', NULL, 'Swimming, pool and sea', 86, 'WAITING', 'Istanbul', 'Kadikoy', 'Erenkoy', 1, 19, 607, 7, b'0', b'1', '20:30', '20:30', 42, 42, b'0', b'0', b'0', b'0', b'0', b'1', b'0', b'0'),
(51, 'French Master!', '2012-01-20 00:00:00', NULL, 'REQUEST FOR: French Master!', 199, 'WAITING', NULL, NULL, NULL, NULL, NULL, NULL, NULL, NULL, NULL, NULL, NULL, NULL, NULL, NULL, NULL, NULL, NULL, NULL, NULL, NULL, NULL),
(52, 'I have lived for 5 years in Naples. I can teach beginners level italian.', '2013-01-17 00:00:00', NULL, 'Begi', 199, 'WAITING', 'Istanbul', 'Besiktas', 'Bebek', 1, 7, 135, 7, NULL, NULL, '00:00', '00:00', 1, 1, NULL, NULL, NULL, NULL, NULL, NULL, NULL, NULL),
(53, 'Salsa baby', '2012-03-14 00:00:00', NULL, 'REQUEST FOR: Salsa baby', 205, 'WAITING', NULL, NULL, NULL, NULL, NULL, NULL, NULL, NULL, NULL, NULL, NULL, NULL, NULL, NULL, NULL, NULL, NULL, NULL, NULL, NULL, NULL),
(54, 'I have lived in Naples for 5 years, I can teach Italian for beginners and intermediate.', '2012-05-11 00:00:00', NULL, 'REQUEST FOR: Mambo Italiano! Italian for beginners', 204, 'WAITING', NULL, NULL, NULL, NULL, NULL, NULL, NULL, NULL, NULL, NULL, NULL, NULL, NULL, NULL, NULL, NULL, NULL, NULL, NULL, NULL, NULL),
(55, 'I''ll exterminate any parasites living in your house. You don''t have to share your life with them. If you want them dead, their children dead and their own parasites dead, just let me know. You know I can do it.', '2012-02-09 00:00:00', NULL, 'REQUEST FOR: Exterminate ''em All', 205, 'HANDSHAKED', NULL, NULL, NULL, NULL, NULL, NULL, NULL, NULL, NULL, NULL, NULL, NULL, NULL, NULL, NULL, NULL, NULL, NULL, NULL, NULL, NULL),
(57, 'Reading English Books', '2012-01-12 00:00:00', NULL, 'REQUEST FOR: Reading English Books', 210, 'WAITING', NULL, NULL, NULL, NULL, NULL, NULL, NULL, NULL, NULL, NULL, NULL, NULL, NULL, NULL, NULL, NULL, NULL, NULL, NULL, NULL, NULL),
(58, 'I need to be pat gracefully every evening.', '2012-01-22 00:00:00', NULL, 'I need to be pat', 211, 'WAITING', 'Istanbul', '', '', 1, NULL, NULL, 1, b'1', NULL, '00:00', '00:00', 1, 1, b'1', b'1', b'1', b'1', b'1', b'1', b'1', b'1'),
(59, 'Haydi bee''smillah', '2012-01-14 00:00:00', NULL, 'I want to bee on a wall', 208, 'WAITING', 'Istanbul', '', '', 1, NULL, NULL, 1, NULL, NULL, '00:00', '00:00', 1, 1, NULL, NULL, NULL, NULL, NULL, NULL, NULL, NULL),
(60, 'as is', '2012-01-06 00:00:00', NULL, 'As you read this, I''ll be long dead by the lack of coffein', 211, 'WAITING', 'Istanbul', '', '', 1, NULL, NULL, 1, NULL, NULL, '00:00', '00:00', 1, 1, NULL, NULL, NULL, NULL, NULL, NULL, NULL, b'1'),
(61, 'Reading for your little kids', '2012-04-06 00:00:00', NULL, 'REQUEST FOR: Reading for your little kids', 209, 'WAITING', NULL, NULL, NULL, NULL, NULL, NULL, NULL, NULL, NULL, NULL, NULL, NULL, NULL, NULL, NULL, NULL, NULL, NULL, NULL, NULL, NULL),
(62, 'I love reading Tolkien books, Would you share it with me?', '2012-01-02 00:00:00', NULL, 'REQUEST FOR: Still Need Tolkien Books', 209, 'HANDSHAKED', NULL, NULL, NULL, NULL, NULL, NULL, NULL, NULL, NULL, NULL, NULL, NULL, NULL, NULL, NULL, NULL, NULL, NULL, NULL, NULL, NULL),
(63, 'Beep beep.', '2012-01-29 00:00:00', NULL, 'REQUEST FOR: Teaching Beesus Christ to Beeoples', 199, 'WAITING', NULL, NULL, NULL, NULL, NULL, NULL, NULL, NULL, NULL, NULL, NULL, NULL, NULL, NULL, NULL, NULL, NULL, NULL, NULL, NULL, NULL),
(64, 'I train chiefs!!!', '2012-05-16 00:00:00', NULL, 'REQUEST FOR: Chief Training', 199, 'WAITING', NULL, NULL, NULL, NULL, NULL, NULL, NULL, NULL, NULL, NULL, NULL, NULL, NULL, NULL, NULL, NULL, NULL, NULL, NULL, NULL, NULL),
(65, 'Is no one having fun at your parties? Do you lack joy? Stop throwing boring parties! Invite me in to your next party and I make it the event of your life!', '2012-03-24 00:00:00', NULL, 'REQUEST FOR: I can be the monkey of your party!', 209, 'HANDSHAKED', NULL, NULL, NULL, NULL, NULL, NULL, NULL, NULL, NULL, NULL, NULL, NULL, NULL, NULL, NULL, NULL, NULL, NULL, NULL, NULL, NULL),
(66, 'I need someone to read for visually impaired children im my neighborhood. Help me', '2012-02-29 00:00:00', NULL, 'read to blind children', 209, 'HANDSHAKED', 'Istanbul', '', '', 1, NULL, NULL, 1, NULL, NULL, '00:00', '00:00', 1, 1, NULL, NULL, NULL, NULL, NULL, NULL, NULL, b'1'),
(71, '.', '2012-12-21 00:00:00', NULL, 'lux solis ab imo pectore', 212, 'WAITING', 'Istanbul', '', '', 1, NULL, NULL, 1, NULL, NULL, '00:00', '00:00', 1, 1, NULL, NULL, NULL, NULL, NULL, NULL, NULL, NULL),
(72, 'Reading horror books -.-', '2012-01-30 00:00:00', NULL, 'REQUEST FOR: Reading horror books -.-', 216, 'WAITING', NULL, NULL, NULL, NULL, NULL, NULL, NULL, NULL, NULL, NULL, NULL, NULL, NULL, NULL, NULL, NULL, NULL, NULL, NULL, NULL, NULL),
(73, 'I need a ride from gaziosmanpaşa to rumeli hisarüstü on monday, wednesday, thursday at between 17:00 and 18:00', '2012-03-04 00:00:00', NULL, 'Ride', 224, 'HANDSHAKED', 'Istanbul', 'Gaziosmanpasa', 'Karayollari', 1, 17, 562, 1, b'1', NULL, '17:00', '18:00', 35, 37, b'1', NULL, b'1', b'1', NULL, NULL, NULL, NULL),
(74, 'Abcd', '2012-06-15 00:00:00', NULL, 'REQUEST FOR: Electric guitar lesson', 226, 'WAITING', NULL, NULL, NULL, NULL, NULL, NULL, NULL, NULL, NULL, NULL, NULL, NULL, NULL, NULL, NULL, NULL, NULL, NULL, NULL, NULL, NULL),
(76, 'Abcd', '2012-06-15 00:00:00', NULL, 'REQUEST FOR: Electric guitar lesson', 229, 'WAITING', NULL, NULL, NULL, NULL, NULL, NULL, NULL, NULL, NULL, NULL, NULL, NULL, NULL, NULL, NULL, NULL, NULL, NULL, NULL, NULL, NULL),
(77, 'math for oss', '2012-02-29 00:00:00', NULL, 'REQUEST FOR: mathematics', 231, 'HANDSHAKED', NULL, NULL, NULL, NULL, NULL, NULL, NULL, NULL, NULL, NULL, NULL, NULL, NULL, NULL, NULL, NULL, NULL, NULL, NULL, NULL, NULL),
(78, 'flüt çalmak istiyorum', '2013-03-23 00:00:00', NULL, 'flut', 235, 'WAITING', 'Istanbul', 'Besiktas', 'Ciragan', 1, 7, 138, 19, NULL, NULL, '00:00', '00:00', 1, 1, NULL, NULL, NULL, NULL, NULL, NULL, NULL, NULL),
(79, 'Three laws of robotics will be taught.\r\n\r\nExtra: 0th law', '2012-11-15 00:00:00', NULL, 'REQUEST FOR: Teaching Laws of Robotics', 237, 'HANDSHAKED', NULL, NULL, NULL, NULL, NULL, NULL, NULL, NULL, NULL, NULL, NULL, NULL, NULL, NULL, NULL, NULL, NULL, NULL, NULL, NULL, NULL),
(80, 'i want to practice driving', '2012-07-31 00:00:00', NULL, 'Driving Practice', 239, 'WAITING', 'Istanbul', '', '', 1, NULL, NULL, 7, NULL, NULL, '00:00', '00:00', 1, 1, NULL, NULL, NULL, NULL, NULL, NULL, NULL, NULL),
(81, 'I can teach anybody playing flute', '2012-03-08 00:00:00', NULL, 'REQUEST FOR: yan flüt', 219, 'HANDSHAKED', NULL, NULL, NULL, NULL, NULL, NULL, NULL, NULL, NULL, NULL, NULL, NULL, NULL, NULL, NULL, NULL, NULL, NULL, NULL, NULL, NULL),
(82, 'Reading English Books', '2012-01-12 00:00:00', NULL, 'REQUEST FOR: Reading English Books', 219, 'WAITING', NULL, NULL, NULL, NULL, NULL, NULL, NULL, NULL, NULL, NULL, NULL, NULL, NULL, NULL, NULL, NULL, NULL, NULL, NULL, NULL, NULL),
(83, 'Details of the request', '2012-03-11 00:00:00', NULL, 'My Request', 219, 'WAITING', 'Istanbul', '', '', 1, NULL, NULL, 7, NULL, NULL, '00:00', '00:00', 1, 1, NULL, NULL, NULL, NULL, NULL, NULL, NULL, b'1'),
(84, 'Tango lessons', '2012-01-31 00:00:00', NULL, 'REQUEST FOR: Tango lessons', 219, 'WAITING', NULL, NULL, NULL, NULL, NULL, NULL, NULL, NULL, NULL, NULL, NULL, NULL, NULL, NULL, NULL, NULL, NULL, NULL, NULL, NULL, NULL),
(85, 'Math lesson', '2012-01-30 00:00:00', NULL, 'REQUEST FOR: Math lesson', 219, 'WAITING', NULL, NULL, NULL, NULL, NULL, NULL, NULL, NULL, NULL, NULL, NULL, NULL, NULL, NULL, NULL, NULL, NULL, NULL, NULL, NULL, NULL),
(86, 'Tango lessons', '2012-01-31 00:00:00', NULL, 'REQUEST FOR: Tango lessons', 243, 'WAITING', NULL, NULL, NULL, NULL, NULL, NULL, NULL, NULL, NULL, NULL, NULL, NULL, NULL, NULL, NULL, NULL, NULL, NULL, NULL, NULL, NULL),
(87, 'Tango lessons', '2012-01-31 00:00:00', NULL, 'REQUEST FOR: Tango lessons', 226, 'WAITING', NULL, NULL, NULL, NULL, NULL, NULL, NULL, NULL, NULL, NULL, NULL, NULL, NULL, NULL, NULL, NULL, NULL, NULL, NULL, NULL, NULL),
(88, 'fitness', '2012-03-09 00:00:00', NULL, 'REQUEST FOR: kutayTest', 229, 'HANDSHAKED', NULL, NULL, NULL, NULL, NULL, NULL, NULL, NULL, NULL, NULL, NULL, NULL, NULL, NULL, NULL, NULL, NULL, NULL, NULL, NULL, NULL),
(89, 'book Test', '2012-03-02 00:00:00', NULL, 'REQUEST FOR: book', 229, 'HANDSHAKED', NULL, NULL, NULL, NULL, NULL, NULL, NULL, NULL, NULL, NULL, NULL, NULL, NULL, NULL, NULL, NULL, NULL, NULL, NULL, NULL, NULL),
(90, 'java Test', '2012-03-31 00:00:00', NULL, 'REQUEST FOR: java', 229, 'HANDSHAKED', NULL, NULL, NULL, NULL, NULL, NULL, NULL, NULL, NULL, NULL, NULL, NULL, NULL, NULL, NULL, NULL, NULL, NULL, NULL, NULL, NULL),
(91, 'I can teach spanish', '2012-12-31 00:00:00', NULL, 'REQUEST FOR: Spanish Lesson', 245, 'HANDSHAKED', NULL, NULL, NULL, NULL, NULL, NULL, NULL, NULL, NULL, NULL, NULL, NULL, NULL, NULL, NULL, NULL, NULL, NULL, NULL, NULL, NULL),
(93, 'Guitar course', '2012-01-10 00:00:00', NULL, 'REQUEST FOR: Guitar course', 247, 'HANDSHAKED', NULL, NULL, NULL, NULL, NULL, NULL, NULL, NULL, NULL, NULL, NULL, NULL, NULL, NULL, NULL, NULL, NULL, NULL, NULL, NULL, NULL);

-- --------------------------------------------------------

--
-- Tablo için tablo yapısı: `Superadmin`
--

CREATE TABLE IF NOT EXISTS `Superadmin` (
  `id` bigint(20) NOT NULL AUTO_INCREMENT,
  `password` varchar(255) DEFAULT NULL,
  `username` varchar(255) DEFAULT NULL,
  PRIMARY KEY (`id`)
) ENGINE=InnoDB DEFAULT CHARSET=utf8 AUTO_INCREMENT=1 ;

--
-- Tablo döküm verisi `Superadmin`
--


-- --------------------------------------------------------

--
-- Tablo için tablo yapısı: `Tag`
--

CREATE TABLE IF NOT EXISTS `Tag` (
  `id` bigint(20) NOT NULL AUTO_INCREMENT,
  `name` varchar(255) DEFAULT NULL,
  `offer_id` bigint(20) DEFAULT NULL,
  `request_id` bigint(20) DEFAULT NULL,
  `is_offer` bigint(20) DEFAULT NULL,
  `is_request` bigint(20) DEFAULT NULL,
  PRIMARY KEY (`id`),
  KEY `FK1477A50CB3BB6` (`request_id`),
  KEY `FK1477A7D217396` (`offer_id`)
) ENGINE=InnoDB  DEFAULT CHARSET=utf8 AUTO_INCREMENT=2057 ;

--
-- Tablo döküm verisi `Tag`
--

INSERT INTO `Tag` (`id`, `name`, `offer_id`, `request_id`, `is_offer`, `is_request`) VALUES
(1767, 'Reading', 1, NULL, 1, NULL),
(1768, 'English', 1, NULL, 1, NULL),
(1769, 'Books', 1, NULL, 1, NULL),
(1770, 'Tango', 2, NULL, 1, NULL),
(1771, 'Dancing', 2, NULL, 1, NULL),
(1772, 'Math', 3, NULL, 1, NULL),
(1773, 'Driving', 4, NULL, 1, NULL),
(1774, 'Babysitting', 5, NULL, 1, NULL),
(1775, 'French', 6, NULL, 1, NULL),
(1776, 'Driving', 7, NULL, 1, NULL),
(1777, 'Tennis', 8, NULL, 1, NULL),
(1778, 'Guitar', 9, NULL, 1, NULL),
(1779, 'French', 10, NULL, 1, NULL),
(1780, 'Reading', 11, NULL, 1, NULL),
(1781, 'French', 11, NULL, 1, NULL),
(1782, 'Guitar', 12, NULL, 1, NULL),
(1783, 'Driving', 13, NULL, 1, NULL),
(1784, 'Math', 14, NULL, 1, NULL),
(1785, 'Drawing', 15, NULL, 1, NULL),
(1786, 'Dancing', 16, NULL, 1, NULL),
(1787, 'Salsa', 16, NULL, 1, NULL),
(1788, 'French', 17, NULL, 1, NULL),
(1789, 'Babysitting', 18, NULL, 1, NULL),
(1790, 'Drawing', 19, NULL, 1, NULL),
(1791, 'Painting', 20, NULL, 1, NULL),
(1792, 'Dancing', 21, NULL, 1, NULL),
(1793, 'Salsa', 21, NULL, 1, NULL),
(1794, 'Reading', 22, NULL, 1, NULL),
(1795, 'Math', 23, NULL, 1, NULL),
(1796, 'Basketball', 24, NULL, 1, NULL),
(1797, 'Basketball', 25, NULL, 1, NULL),
(1798, 'French', 26, NULL, 1, NULL),
(1799, 'Swimming', 27, NULL, 1, NULL),
(1800, 'Reading', 28, NULL, 1, NULL),
(1801, 'Comics', 28, NULL, 1, NULL),
(1802, 'Swimming', 29, NULL, 1, NULL),
(1803, 'Swimming', 30, NULL, 1, NULL),
(1804, 'Math', 31, NULL, 1, NULL),
(1805, 'Swimming', 32, NULL, 1, NULL),
(1806, 'Driving', 33, NULL, 1, NULL),
(1807, 'Parking', 33, NULL, 1, NULL),
(1808, 'Reading', 34, NULL, 1, NULL),
(1809, 'Horror', 34, NULL, 1, NULL),
(1810, 'Painting', 35, NULL, 1, NULL),
(1811, 'Garden', 36, NULL, 1, NULL),
(1812, 'Dancing', 37, NULL, 1, NULL),
(1813, 'Babysitting', 38, NULL, 1, NULL),
(1814, 'Tennis', 39, NULL, 1, NULL),
(1815, 'Painting', 40, NULL, 1, NULL),
(1816, 'French', 41, NULL, 1, NULL),
(1817, 'Babysitting', 42, NULL, 1, NULL),
(1818, 'Reading', 42, NULL, 1, NULL),
(1819, 'Academic', 43, NULL, 1, NULL),
(1820, 'Guitar', 44, NULL, 1, NULL),
(1821, 'Dance', 45, NULL, 1, NULL),
(1822, 'Tango', 46, NULL, 1, NULL),
(1823, 'Dance', 46, NULL, 1, NULL),
(1824, 'Math', 47, NULL, 1, NULL),
(1825, 'Cooking', 48, NULL, 1, NULL),
(1826, 'Dancing', 49, NULL, 1, NULL),
(1827, 'Reparing', 50, NULL, 1, NULL),
(1828, 'Laptop', 50, NULL, 1, NULL),
(1829, 'Fixing', 50, NULL, 1, NULL),
(1830, 'Italian', NULL, 1, NULL, 1),
(1831, 'Salsa', NULL, 2, NULL, 1),
(1832, 'Dancing', NULL, 2, NULL, 1),
(1836, 'Painting', NULL, 4, NULL, 1),
(1837, 'Babysitting', NULL, 5, NULL, 1),
(1838, 'Swimming', NULL, 6, NULL, 1),
(1839, 'Painting', NULL, 7, NULL, 1),
(1840, 'House', NULL, 7, NULL, 1),
(1841, 'Tennis', NULL, 8, NULL, 1),
(1844, 'Coding', NULL, 10, NULL, 1),
(1845, 'Math', NULL, 11, NULL, 1),
(1846, 'Guitar', NULL, 12, NULL, 1),
(1847, 'Music', NULL, 12, NULL, 1),
(1848, 'Driving', NULL, 13, NULL, 1),
(1849, 'Parking', NULL, 13, NULL, 1),
(1850, 'Tango', NULL, 14, NULL, 1),
(1851, 'Dancing', NULL, 14, NULL, 1),
(1852, 'Italian', NULL, 15, NULL, 1),
(1853, 'English', NULL, 16, NULL, 1),
(1854, 'Academic', NULL, 16, NULL, 1),
(1855, 'English', NULL, 17, NULL, 1),
(1856, 'Business', NULL, 17, NULL, 1),
(1857, 'Drawing', NULL, 18, NULL, 1),
(1858, 'Math', NULL, 19, NULL, 1),
(1859, 'Coding', NULL, 20, NULL, 1),
(1860, 'Swimming', NULL, 21, NULL, 1),
(1861, 'Diving', NULL, 21, NULL, 1),
(1862, 'Italian', NULL, 22, NULL, 1),
(1863, 'Drawing', NULL, 23, NULL, 1),
(1864, 'Dancing', NULL, 24, NULL, 1),
(1865, 'Tango', NULL, 24, NULL, 1),
(1866, 'Salsa', NULL, 25, NULL, 1),
(1867, 'Dancing', NULL, 25, NULL, 1),
(1868, 'English', NULL, 26, NULL, 1),
(1869, 'Online', NULL, 26, NULL, 1),
(1870, 'English', NULL, 27, NULL, 1),
(1871, 'Reading', NULL, 28, NULL, 1),
(1872, 'French', NULL, 29, NULL, 1),
(1873, 'Reading', NULL, 29, NULL, 1),
(1874, 'Outdoor', NULL, 30, NULL, 1),
(1875, 'Painting', NULL, 30, NULL, 1),
(1876, 'Italian', NULL, 31, NULL, 1),
(1877, 'Painting', NULL, 32, NULL, 1),
(1878, 'Painting', NULL, 33, NULL, 1),
(1879, 'Geometry', NULL, 34, NULL, 1),
(1880, 'Math', NULL, 34, NULL, 1),
(1881, 'Driving', NULL, 35, NULL, 1),
(1882, 'Gardening', NULL, 36, NULL, 1),
(1883, 'Sewing', NULL, 37, NULL, 1),
(1884, 'Samba', NULL, 38, NULL, 1),
(1885, 'Dancing', NULL, 38, NULL, 1),
(1886, 'Dancing', NULL, 39, NULL, 1),
(1887, 'Italian', NULL, 40, NULL, 1),
(1888, 'French', NULL, 41, NULL, 1),
(1889, 'Excel', NULL, 42, NULL, 1),
(1890, 'Coding', NULL, 42, NULL, 1),
(1891, 'Italian', NULL, 43, NULL, 1),
(1892, 'French', NULL, 43, NULL, 1),
(1893, 'Coding', NULL, 44, NULL, 1),
(1894, 'Phyton', NULL, 44, NULL, 1),
(1895, 'Drawing', NULL, 45, NULL, 1),
(1896, 'Painting', NULL, 46, NULL, 1),
(1897, 'Italian', NULL, 47, NULL, 1),
(1898, 'Swimming', NULL, 48, NULL, 1),
(1899, 'Math', NULL, 49, NULL, 1),
(1900, 'Swimming', NULL, 50, NULL, 1),
(1901, 'Pool', NULL, 50, NULL, 1),
(1902, 'garden', 51, NULL, NULL, NULL),
(1903, 'lawn', 51, NULL, NULL, NULL),
(1904, 'italian', NULL, 52, NULL, NULL),
(1905, 'beginner', NULL, 52, NULL, NULL),
(1906, 'language', NULL, 52, NULL, NULL),
(1907, 'italian', 52, NULL, NULL, NULL),
(1908, 'beginner', 52, NULL, NULL, NULL),
(1909, 'language', 52, NULL, NULL, NULL),
(1910, 'pest', 53, NULL, NULL, NULL),
(1911, 'extermination', 53, NULL, NULL, NULL),
(1912, '', NULL, 56, NULL, NULL),
(1913, 'coding', NULL, 3, NULL, NULL),
(1914, 'c#', NULL, 3, NULL, NULL),
(1915, 'javascript', NULL, 3, NULL, NULL),
(1916, 'french', NULL, 9, NULL, NULL),
(1917, 'speaking', NULL, 9, NULL, NULL),
(1918, 'tolkin', 54, NULL, NULL, NULL),
(1919, 'lord', 54, NULL, NULL, NULL),
(1920, 'of', 54, NULL, NULL, NULL),
(1921, 'the', 54, NULL, NULL, NULL),
(1922, 'rings', 54, NULL, NULL, NULL),
(1923, 'books', 54, NULL, NULL, NULL),
(1924, 'fantasy', 54, NULL, NULL, NULL),
(1925, '', 57, NULL, NULL, NULL),
(1926, 'party', 58, NULL, NULL, NULL),
(1927, 'mood', 58, NULL, NULL, NULL),
(1928, 'joy', 58, NULL, NULL, NULL),
(1929, 'entertainment', 58, NULL, NULL, NULL),
(1930, 'event', 58, NULL, NULL, NULL),
(1931, 'clown', 58, NULL, NULL, NULL),
(1932, 'good-looking', 58, NULL, NULL, NULL),
(1933, 'style', 58, NULL, NULL, NULL),
(1934, 'outfit', 58, NULL, NULL, NULL),
(1935, 'creative', 58, NULL, NULL, NULL),
(1936, 'idea', 58, NULL, NULL, NULL),
(1937, 'free', 58, NULL, NULL, NULL),
(1938, 'winter', 58, NULL, NULL, NULL),
(1939, 'chief', 59, NULL, NULL, NULL),
(1940, 'training', 59, NULL, NULL, NULL),
(1941, 'party', NULL, 58, NULL, NULL),
(1942, 'mood', NULL, 58, NULL, NULL),
(1943, 'joy', NULL, 58, NULL, NULL),
(1944, 'entertainment', NULL, 58, NULL, NULL),
(1945, 'event', NULL, 58, NULL, NULL),
(1946, 'clown', NULL, 58, NULL, NULL),
(1947, 'good-looking', NULL, 58, NULL, NULL),
(1948, 'style', NULL, 58, NULL, NULL),
(1949, 'outfit', NULL, 58, NULL, NULL),
(1950, 'creative', NULL, 58, NULL, NULL),
(1951, 'idea', NULL, 58, NULL, NULL),
(1952, 'free', NULL, 58, NULL, NULL),
(1953, 'winter', NULL, 58, NULL, NULL),
(1954, 'beeing', NULL, 59, NULL, NULL),
(1955, 'coffe', NULL, 60, NULL, NULL),
(1956, '', NULL, 60, NULL, NULL),
(1957, 'coffein', NULL, 60, NULL, NULL),
(1958, 'children', NULL, 66, NULL, NULL),
(1959, 'blind', NULL, 66, NULL, NULL),
(1960, 'reading', NULL, 66, NULL, NULL),
(1961, 'impaired', NULL, 66, NULL, NULL),
(1962, '', NULL, 71, NULL, NULL),
(1963, 'dog', 64, NULL, NULL, NULL),
(1964, '', 64, NULL, NULL, NULL),
(1965, 'walk', 64, NULL, NULL, NULL),
(1966, 'langauge', 65, NULL, NULL, NULL),
(1967, '', 65, NULL, NULL, NULL),
(1968, 'french', 65, NULL, NULL, NULL),
(1969, '', 66, NULL, NULL, NULL),
(1970, 'ride', NULL, 73, NULL, NULL),
(1971, 'drive', NULL, 73, NULL, NULL),
(1972, 'hitchhike', NULL, 73, NULL, NULL),
(1973, 'hardrock', 70, NULL, NULL, NULL),
(1974, 'metal', 70, NULL, NULL, NULL),
(1975, 'guitar', 70, NULL, NULL, NULL),
(1976, 'electricguitar', 70, NULL, NULL, NULL),
(1977, 'metallica', 70, NULL, NULL, NULL),
(1978, 'math', 72, NULL, NULL, NULL),
(1979, 'flüt', 73, NULL, NULL, NULL),
(1980, 'müzik', 73, NULL, NULL, NULL),
(1981, 'sanat', 73, NULL, NULL, NULL),
(1982, 'musik', NULL, 78, NULL, NULL),
(2004, 'robot', 75, NULL, NULL, NULL),
(2005, 'law', 75, NULL, NULL, NULL),
(2006, 'robotics', 75, NULL, NULL, NULL),
(2007, 'spanish', 77, NULL, NULL, NULL),
(2008, 'teach', 77, NULL, NULL, NULL),
(2009, 'learn', 77, NULL, NULL, NULL),
(2010, 'drive', NULL, 80, NULL, NULL),
(2011, 'car', NULL, 80, NULL, NULL),
(2012, 'uml', 79, NULL, NULL, NULL),
(2013, '', 79, NULL, NULL, NULL),
(2014, 'teach', 79, NULL, NULL, NULL),
(2015, '', 79, NULL, NULL, NULL),
(2016, 'diagram', 79, NULL, NULL, NULL),
(2017, '', 79, NULL, NULL, NULL),
(2018, 'software', 79, NULL, NULL, NULL),
(2019, 'engineering', 79, NULL, NULL, NULL),
(2020, '', 79, NULL, NULL, NULL),
(2021, 'swe', 79, NULL, NULL, NULL),
(2022, 'den1', 80, NULL, NULL, NULL),
(2023, 'den2', 80, NULL, NULL, NULL),
(2024, 'den3', 80, NULL, NULL, NULL),
(2025, 'den4', 80, NULL, NULL, NULL),
(2026, 'den5', 80, NULL, NULL, NULL),
(2027, 'den6', 80, NULL, NULL, NULL),
(2028, 'den7', 80, NULL, NULL, NULL),
(2029, '', NULL, 83, NULL, NULL),
(2030, 'english', 81, NULL, NULL, NULL),
(2031, 'literature', 81, NULL, NULL, NULL),
(2032, 'french', 82, NULL, NULL, NULL),
(2033, 'literature', 82, NULL, NULL, NULL),
(2034, 'swe', 83, NULL, NULL, NULL),
(2035, '', 83, NULL, NULL, NULL),
(2036, 'world', 83, NULL, NULL, NULL),
(2037, '', 83, NULL, NULL, NULL),
(2038, 'book', 83, NULL, NULL, NULL),
(2039, '', 83, NULL, NULL, NULL),
(2040, 'beyoglu', 83, NULL, NULL, NULL),
(2041, '', 83, NULL, NULL, NULL),
(2042, 'swe', 83, NULL, NULL, NULL),
(2043, '', 83, NULL, NULL, NULL),
(2044, 'swe', 83, NULL, NULL, NULL),
(2046, 'music', 84, NULL, NULL, NULL),
(2047, 'paper', 85, NULL, NULL, NULL),
(2048, 'art', 85, NULL, NULL, NULL),
(2051, 'sport', 86, NULL, NULL, NULL),
(2052, 'book', 87, NULL, NULL, NULL),
(2053, 'java', 88, NULL, NULL, NULL),
(2054, 'bakır', 89, NULL, NULL, NULL),
(2055, 'tencere', 89, NULL, NULL, NULL),
(2056, 'kalaylama', 89, NULL, NULL, NULL);

-- --------------------------------------------------------

--
-- Tablo için tablo yapısı: `Uploadedfile`
--

CREATE TABLE IF NOT EXISTS `Uploadedfile` (
  `id` bigint(20) NOT NULL AUTO_INCREMENT,
  `file` varchar(255) DEFAULT NULL,
  PRIMARY KEY (`id`)
) ENGINE=InnoDB DEFAULT CHARSET=utf8 AUTO_INCREMENT=1 ;

--
-- Tablo döküm verisi `Uploadedfile`
--


-- --------------------------------------------------------

--
-- Tablo için tablo yapısı: `User`
--

CREATE TABLE IF NOT EXISTS `User` (
  `id` bigint(20) NOT NULL AUTO_INCREMENT,
  `INITIAL_BALANCE` int(11) NOT NULL,
  `INITIAL_REPUTATION` int(11) NOT NULL,
  `address` varchar(255) DEFAULT NULL,
  `balance` int(11) DEFAULT NULL,
  `email` varchar(255) DEFAULT NULL,
  `fullname` varchar(255) DEFAULT NULL,
  `isAdmin` bit(1) DEFAULT NULL,
  `password` varchar(255) DEFAULT NULL,
  `photo` varchar(255) DEFAULT NULL,
  `registrationDate` datetime DEFAULT NULL,
  `reputation` int(11) DEFAULT NULL,
  `badge` varchar(255) DEFAULT NULL,
  PRIMARY KEY (`id`)
) ENGINE=InnoDB  DEFAULT CHARSET=utf8 AUTO_INCREMENT=248 ;

--
-- Tablo döküm verisi `User`
--

INSERT INTO `User` (`id`, `INITIAL_BALANCE`, `INITIAL_REPUTATION`, `address`, `balance`, `email`, `fullname`, `isAdmin`, `password`, `photo`, `registrationDate`, `reputation`, `badge`) VALUES
(1, 10, 1, 'Zeytinburnu Olivium', 10, 'alanmcdougal@gmail.com', 'Alan McDougal', b'0', '1', NULL, '2011-12-21 00:00:00', 3, 'NEW_BEE'),
(2, 10, 1, 'Yesiltepe', 10, 'albertwaites@gmail.com', 'Albert Waites', b'0', '1', '82df3c72-bc61-42ae-837a-a4d7eb17c9c2|image/jpeg', '2011-12-20 00:00:00', 3, 'BUMBLE_BEE'),
(3, 10, 1, 'Yeni Dogan', 10, 'albertwilliams@gmail.com', 'Albert Williams', b'0', '1', NULL, '2011-12-19 00:00:00', 3, 'BUMBLE_BEE'),
(4, 10, 1, 'Veliefendi', 10, 'alfredharrison@gmail.com', 'Alfred Harrison', b'0', '1', NULL, '2011-12-18 00:00:00', 3, 'WORKING_BEE'),
(5, 10, 1, 'Topcular', 10, 'allenwhite@gmail.com', 'Allen White', b'0', '1', NULL, '2011-12-17 00:00:00', 3, 'NEW_BEE'),
(6, 10, 1, 'Telsiz', 10, 'amywalley@gmail.com', 'Amy Walley', b'0', '1', NULL, '2011-12-16 00:00:00', 3, 'NEW_BEE'),
(7, 10, 1, 'Sumer', 10, 'anamcdougal@gmail.com', 'Ana McDougal', b'0', '1', NULL, '2011-12-15 00:00:00', 3, 'NEW_BEE'),
(8, 10, 1, 'Seyitnizam', 10, 'andreawilliams@gmail.com', 'Andrea Williams', b'0', '1', NULL, '2011-12-14 00:00:00', 3, 'NEW_BEE'),
(9, 10, 1, 'Nuripasa', 10, 'andrewwaites@gmail.com', 'Andrew Waites', b'0', '1', NULL, '2011-12-13 00:00:00', 3, 'NEW_BEE'),
(10, 10, 1, 'Merkez Efendi', 10, 'angelacosta@gmail.com', 'Angel Acosta', b'0', '1', NULL, '2011-12-12 00:00:00', 3, 'NEW_BEE'),
(11, 10, 1, 'Merkez', 10, 'angelaharrison@gmail.com', 'Angela Harrison', b'0', '1', NULL, '2011-12-11 00:00:00', 3, 'NEW_BEE'),
(12, 10, 1, 'Maltepe', 10, 'annamaechan@gmail.com', 'Annamae Chan', b'0', '1', NULL, '2011-12-10 00:00:00', 3, 'BUSY_BEE'),
(13, 10, 1, 'Kazlicesme', 10, 'anthonywhite@gmail.com', 'Anthony White', b'0', '1', NULL, '2011-12-09 00:00:00', 3, 'NEW_BEE'),
(14, 10, 1, 'Hatboyu', 10, 'arthursimmons@gmail.com', 'Arthur Simmons', b'0', '1', NULL, '2011-12-08 00:00:00', 3, 'NEW_BEE'),
(15, 10, 1, 'Gokalp', 10, 'barbaragaleana@gmail.com', 'Barbara Galeana', b'0', '1', NULL, '2011-12-07 00:00:00', 3, 'NEW_BEE'),
(16, 10, 1, 'Deniz Abdal', 10, 'benjamingage@gmail.com', 'Benjamin Gage', b'0', '1', NULL, '2011-12-06 00:00:00', 3, 'NEW_BEE'),
(17, 10, 1, 'Cirpici', 10, 'bennymcknight@gmail.com', 'Benny McKnight', b'0', '1', NULL, '2011-12-05 00:00:00', 3, 'NEW_BEE'),
(18, 10, 1, 'Bestelsiz', 10, 'bethhelton@gmail.com', 'Beth Helton', b'0', '1', NULL, '2011-12-04 00:00:00', 3, 'NEW_BEE'),
(19, 10, 1, 'Yavuzturk', 10, 'bettygage@gmail.com', 'Betty Gage', b'0', '1', NULL, '2011-12-03 00:00:00', 3, 'NEW_BEE'),
(20, 10, 1, 'Vanikoy', 10, 'bobharrison@gmail.com', 'Bob Harrison', b'0', '1', NULL, '2011-12-02 00:00:00', 3, 'NEW_BEE'),
(21, 10, 1, 'Valide-i Atik', 10, 'brendamcknight@gmail.com', 'Brenda McKnight', b'0', '1', NULL, '2011-12-01 00:00:00', 3, 'NEW_BEE'),
(22, 10, 1, 'Uskudar - Unalan Konut.', 10, 'bruceakins@gmail.com', 'Bruce Akins', b'0', '1', NULL, '2011-11-30 00:00:00', 3, 'NEW_BEE'),
(23, 10, 1, 'Unalan', 10, 'carolyngage@gmail.com', 'Carolyn Gage', b'0', '1', NULL, '2011-11-29 00:00:00', 3, 'WORKING_BEE'),
(24, 10, 1, 'Toygar Hamza', 10, 'celiawhite@gmail.com', 'Celia White', b'0', '1', NULL, '2011-11-28 00:00:00', 3, 'BUSY_BEE'),
(25, 10, 1, 'Tembel Haci Mehmet', 10, 'charleschan@gmail.com', 'Charles Chan', b'0', '1', NULL, '2011-11-27 00:00:00', 3, 'NEW_BEE'),
(26, 10, 1, 'Tavasi Hasan Aga', 10, 'christinegaleana@gmail.com', 'Christine Galeana', b'0', '1', NULL, '2011-11-26 00:00:00', 3, 'NEW_BEE'),
(27, 10, 1, 'Tabaklar', 10, 'christinewilliams@gmail.com', 'Christine Williams', b'0', '1', NULL, '2011-11-25 00:00:00', 3, 'NEW_BEE'),
(28, 10, 1, 'Sultantepe', 10, 'christopherchan@gmail.com', 'Christopher Chan', b'0', '1', NULL, '2011-11-24 00:00:00', 3, 'WORKING_BEE'),
(29, 10, 1, 'Solak Sinan', 10, 'clarawilliams@gmail.com', 'Clara Williams', b'0', '1', NULL, '2011-11-23 00:00:00', 3, 'NEW_BEE'),
(30, 10, 1, 'Selman Aga', 10, 'coleharrison@gmail.com', 'Cole Harrison', b'0', '1', NULL, '2011-11-22 00:00:00', 3, 'NEW_BEE'),
(31, 10, 1, 'Selimiye', 10, 'colleenburdick@gmail.com', 'Colleen Burdick', b'0', '1', NULL, '2011-11-21 00:00:00', 3, 'NEW_BEE'),
(32, 10, 1, 'Selami Ali', 10, 'corawaites@gmail.com', 'Cora Waites', b'0', '1', NULL, '2011-11-20 00:00:00', 3, 'BUMBLE_BEE'),
(33, 10, 1, 'Rumimehmet Pasa', 10, 'cynthiaharrison@gmail.com', 'Cynthia Harrison', b'0', '1', NULL, '2011-11-19 00:00:00', 3, 'NEW_BEE'),
(34, 10, 1, 'Pazarbasi', 10, 'cynthiaport@gmail.com', 'Cynthia Port', b'0', '1', NULL, '2011-11-18 00:00:00', 3, 'WORKING_BEE'),
(35, 10, 1, 'Ornektepe', 10, 'darrinakins@gmail.com', 'Darrin Akins', b'0', '1', NULL, '2011-11-17 00:00:00', 3, 'NEW_BEE'),
(36, 10, 1, 'Nakkastepe', 10, 'davidhelton@gmail.com', 'David Helton', b'0', '1', NULL, '2011-11-16 00:00:00', 3, 'NEW_BEE'),
(37, 10, 1, 'Murat Reis', 10, 'davidstewart@gmail.com', 'David Stewart', b'0', '1', NULL, '2011-11-15 00:00:00', 3, 'NEW_BEE'),
(38, 10, 1, 'Libadiye', 10, 'deborahwhite@gmail.com', 'Deborah White', b'0', '1', NULL, '2011-11-14 00:00:00', 3, 'NEW_BEE'),
(39, 10, 1, 'Kupluce', 10, 'derrickakins@gmail.com', 'Derrick Akins', b'0', '1', NULL, '2011-11-13 00:00:00', 3, 'NEW_BEE'),
(40, 10, 1, 'Kucuksu', 10, 'donsimmons@gmail.com', 'Don Simmons', b'0', '1', NULL, '2011-11-12 00:00:00', 3, 'NEW_BEE'),
(41, 10, 1, 'Kuzguncuk', 10, 'donnagreene@gmail.com', 'Donna Greene', b'0', '1', NULL, '2011-11-11 00:00:00', 3, 'NEW_BEE'),
(42, 10, 1, 'Kuleli', 10, 'dorothygreene@gmail.com', 'Dorothy Greene', b'0', '1', NULL, '2011-11-10 00:00:00', 3, 'NEW_BEE'),
(43, 10, 1, 'Kirazlitepe', 10, 'dorothysimmons@gmail.com', 'Dorothy Simmons', b'0', '1', NULL, '2011-11-09 00:00:00', 3, 'BUSY_BEE'),
(44, 10, 1, 'Kisikli', 10, 'drewchan@gmail.com', 'Drew Chan', b'0', '1', NULL, '2011-11-08 00:00:00', 3, 'NEW_BEE'),
(45, 10, 1, 'Kepcedede', 10, 'edithgaleana@gmail.com', 'Edith Galeana', b'0', '1', NULL, '2011-11-07 00:00:00', 3, 'NEW_BEE'),
(46, 10, 1, 'Kandilli', 10, 'edwardgreene@gmail.com', 'Edward Greene', b'0', '1', NULL, '2011-11-06 00:00:00', 3, 'NEW_BEE'),
(47, 10, 1, 'Inkilap', 10, 'edwardsimmons@gmail.com', 'Edward Simmons', b'0', '1', NULL, '2011-11-05 00:00:00', 3, 'NEW_BEE'),
(48, 10, 1, 'Imrahor Salacak', 10, 'elenachan@gmail.com', 'Elena Chan', b'0', '1', NULL, '2011-11-04 00:00:00', 3, 'NEW_BEE'),
(49, 10, 1, 'Ihsaniye', 10, 'elizabethwaites@gmail.com', 'Elizabeth Waites', b'0', '1', NULL, '2011-11-03 00:00:00', 3, 'NEW_BEE'),
(50, 10, 1, 'Icadiye', 10, 'elvirawhite@gmail.com', 'Elvira White', b'0', '1', NULL, '2011-11-02 00:00:00', 3, 'NEW_BEE'),
(51, 10, 1, 'Hayrettin Cavus', 10, 'elwoodmcknight@gmail.com', 'Elwood McKnight', b'0', '1', NULL, '2011-11-01 00:00:00', 3, 'NEW_BEE'),
(52, 10, 1, 'Havuzbasi', 10, 'emilystewart@gmail.com', 'Emily Stewart', b'0', '1', NULL, '2011-10-31 00:00:00', 3, 'NEW_BEE'),
(53, 10, 1, 'Harem', 10, 'emilywhite@gmail.com', 'Emily White', b'0', '1', NULL, '2011-10-30 00:00:00', 3, 'WORKING_BEE'),
(54, 10, 1, 'Haci Hesna Hatun', 10, 'ericchan@gmail.com', 'Eric Chan', b'0', '1', NULL, '2011-10-29 00:00:00', 3, 'BUSY_BEE'),
(55, 10, 1, 'Guzeltepe', 10, 'ernestburns@gmail.com', 'Ernest Burns', b'0', '1', NULL, '2011-10-28 00:00:00', 3, 'NEW_BEE'),
(56, 10, 1, 'Gulfem Hatun', 10, 'francinehelton@gmail.com', 'Francine Helton', b'0', '1', NULL, '2011-10-27 00:00:00', 3, 'WORKING_BEE'),
(57, 10, 1, 'Fistikagaci', 10, 'frankgaleana@gmail.com', 'Frank Galeana', b'0', '1', NULL, '2011-10-26 00:00:00', 3, 'NEW_BEE'),
(58, 10, 1, 'Fetih', 10, 'fredgage@gmail.com', 'Fred Gage', b'0', '1', NULL, '2011-10-25 00:00:00', 3, 'NEW_BEE'),
(59, 10, 1, 'Ferah', 10, 'frederickwaites@gmail.com', 'Frederick Waites', b'0', '1', NULL, '2011-10-24 00:00:00', 3, 'NEW_BEE'),
(60, 10, 1, 'Esatpasa', 10, 'garymcdougal@gmail.com', 'Gary McDougal', b'0', '1', NULL, '2011-10-23 00:00:00', 3, 'NEW_BEE'),
(61, 10, 1, 'Emniyet', 10, 'georgegaleana@gmail.com', 'George Galeana', b'0', '1', NULL, '2011-10-22 00:00:00', 3, 'NEW_BEE'),
(62, 10, 1, 'Emek', 10, 'geraldhelton@gmail.com', 'Gerald Helton', b'0', '1', NULL, '2011-10-21 00:00:00', 3, 'NEW_BEE'),
(63, 10, 1, 'Cengelkoy', 10, 'geraldwilliams@gmail.com', 'Gerald Williams', b'0', '1', NULL, '2011-10-20 00:00:00', 3, 'NEW_BEE'),
(64, 10, 1, 'Camliktepe', 10, 'gloriaburdick@gmail.com', 'Gloria Burdick', b'0', '1', NULL, '2011-10-19 00:00:00', 3, 'NEW_BEE'),
(65, 10, 1, 'Camlica', 10, 'gracewalley@gmail.com', 'Grace Walley', b'0', '1', NULL, '2011-10-18 00:00:00', 3, 'BUSY_BEE'),
(66, 10, 1, 'Cumhuriyet', 10, 'harlanburns@gmail.com', 'Harlan Burns', b'0', '1', NULL, '2011-10-17 00:00:00', 3, 'NEW_BEE'),
(67, 10, 1, 'Burhaniye', 10, 'helenwhite@gmail.com', 'Helen White', b'0', '1', NULL, '2011-10-16 00:00:00', 3, 'NEW_BEE'),
(68, 10, 1, 'Bulgurlu', 10, 'helenemcdougal@gmail.com', 'Helene McDougal', b'0', '1', NULL, '2011-10-15 00:00:00', 3, 'NEW_BEE'),
(69, 10, 1, 'Beylerbeyi', 10, 'jamesburdick@gmail.com', 'James Burdick', b'0', '1', NULL, '2011-10-14 00:00:00', 3, 'NEW_BEE'),
(70, 10, 1, 'Barbaros', 10, 'janegreene@gmail.com', 'Jane Greene', b'0', '1', NULL, '2011-10-13 00:00:00', 3, 'NEW_BEE'),
(71, 10, 1, 'Bahcelievler', 10, 'janetburns@gmail.com', 'Janet Burns', b'0', '1', NULL, '2011-10-12 00:00:00', 3, 'NEW_BEE'),
(72, 10, 1, 'Baglarbasi', 10, 'janetchan@gmail.com', 'Janet Chan', b'0', '1', NULL, '2011-10-11 00:00:00', 3, 'NEW_BEE'),
(73, 10, 1, 'Ayazma', 10, 'janetgreene@gmail.com', 'Janet Greene', b'0', '1', NULL, '2011-10-10 00:00:00', 3, 'NEW_BEE'),
(74, 10, 1, 'Ata - 2', 10, 'javierstewart@gmail.com', 'Javier Stewart', b'0', '1', NULL, '2011-10-09 00:00:00', 3, 'NEW_BEE'),
(75, 10, 1, 'Libadiye', 10, 'jeffreysimmons@gmail.com', 'Jeffrey Simmons', b'0', '1', 'null|null', '2011-10-08 00:00:00', 3, 'BUSY_BEE'),
(76, 10, 1, 'Arakiyeci Haci Cafer', 10, 'jennymcknight@gmail.com', 'Jenny McKnight', b'0', '1', NULL, '2011-10-07 00:00:00', 3, 'BUSY_BEE'),
(77, 10, 1, 'Altunizade', 10, 'jeromewhite@gmail.com', 'Jerome White', b'0', '1', NULL, '2011-10-06 00:00:00', 3, 'NEW_BEE'),
(78, 10, 1, 'Ahmet Celebi', 10, 'johnwaites@gmail.com', 'John Waites', b'0', '1', NULL, '2011-10-05 00:00:00', 3, 'BUSY_BEE'),
(79, 10, 1, 'Ahcibasi', 10, 'johnnywhite@gmail.com', 'Johnny White', b'0', '1', NULL, '2011-10-04 00:00:00', 3, 'NEW_BEE'),
(80, 10, 1, 'Acibadem', 10, 'jonathangage@gmail.com', 'Jonathan Gage', b'0', '1', NULL, '2011-10-03 00:00:00', 3, 'NEW_BEE'),
(81, 10, 1, 'Abdullahaga', 10, 'jonathanwhite@gmail.com', 'Jonathan White', b'0', '1', NULL, '2011-10-02 00:00:00', 3, 'NEW_BEE'),
(82, 10, 1, 'Yukari Dudullu', 10, 'jonggaleana@gmail.com', 'Jong Galeana', b'0', '1', NULL, '2011-10-01 00:00:00', 3, 'NEW_BEE'),
(83, 10, 1, 'Y.Camlica', 10, 'jordanmcknight@gmail.com', 'Jordan McKnight', b'0', '1', NULL, '2011-09-30 00:00:00', 3, 'NEW_BEE'),
(84, 10, 1, 'Tepeustu', 10, 'jorgewalley@gmail.com', 'Jorge Walley', b'0', '1', NULL, '2011-09-29 00:00:00', 3, 'NEW_BEE'),
(85, 10, 1, 'Tasdelen', 10, 'joseburns@gmail.com', 'Jose Burns', b'0', '1', NULL, '2011-09-28 00:00:00', 3, 'NEW_BEE'),
(86, 10, 1, 'Soyak Yenisehir', 10, 'josefinasimmons@gmail.com', 'Josefina Simmons', b'0', '1', NULL, '2011-09-27 00:00:00', 3, 'BUSY_BEE'),
(87, 10, 1, 'Sarigazi', 10, 'josephburdick@gmail.com', 'Joseph Burdick', b'0', '1', NULL, '2011-09-26 00:00:00', 3, 'BUSY_BEE'),
(88, 10, 1, 'Resadiye', 10, 'josephwalley@gmail.com', 'Joseph Walley', b'0', '1', NULL, '2011-09-25 00:00:00', 3, 'NEW_BEE'),
(89, 10, 1, 'Polonezkoy', 10, 'josephwhite@gmail.com', 'Joseph White', b'0', '1', NULL, '2011-09-24 00:00:00', 3, 'NEW_BEE'),
(90, 10, 1, 'Omerli', 10, 'joyceburdick@gmail.com', 'Joyce Burdick', b'0', '1', NULL, '2011-09-23 00:00:00', 3, 'NEW_BEE'),
(91, 10, 1, 'Namik Kemal', 10, 'juliechan@gmail.com', 'Julie Chan', b'0', '1', NULL, '2011-09-22 00:00:00', 3, 'NEW_BEE'),
(92, 10, 1, 'Mustafa Kemal', 10, 'juliohelton@gmail.com', 'Julio Helton', b'0', '1', NULL, '2011-09-21 00:00:00', 3, 'NEW_BEE'),
(93, 10, 1, 'Merkez', 10, 'juniorwilliams@gmail.com', 'Junior Williams', b'0', '1', NULL, '2011-09-20 00:00:00', 3, 'NEW_BEE'),
(94, 10, 1, 'Kazim Karabekir', 10, 'justinacosta@gmail.com', 'Justin Acosta', b'0', '1', NULL, '2011-09-19 00:00:00', 3, 'NEW_BEE'),
(95, 10, 1, 'Istiklal', 10, 'justinmcdougal@gmail.com', 'Justin McDougal', b'0', '1', NULL, '2011-09-18 00:00:00', 3, 'NEW_BEE'),
(96, 10, 1, 'Inkilap', 10, 'katherinegage@gmail.com', 'Katherine Gage', b'0', '1', NULL, '2011-09-17 00:00:00', 3, 'NEW_BEE'),
(97, 10, 1, 'Ihlamurkuyu', 10, 'katherinewaites@gmail.com', 'Katherine Waites', b'0', '1', NULL, '2011-09-16 00:00:00', 3, 'NEW_BEE'),
(98, 10, 1, 'Hekimbasi', 10, 'kaylamcknight@gmail.com', 'Kayla McKnight', b'0', '1', NULL, '2011-09-15 00:00:00', 3, 'BUSY_BEE'),
(99, 10, 1, 'Esensehir', 10, 'kellyharrison@gmail.com', 'Kelly Harrison', b'0', '1', NULL, '2011-09-14 00:00:00', 3, 'NEW_BEE'),
(100, 10, 1, 'Eksioglu Besyildiz', 10, 'kellywaites@gmail.com', 'Kelly Waites', b'0', '1', NULL, '2011-09-13 00:00:00', 3, 'NEW_BEE'),
(101, 10, 1, 'Dudullu', 10, 'kellywilliams@gmail.com', 'Kelly Williams', b'0', '1', NULL, '2011-09-12 00:00:00', 3, 'NEW_BEE'),
(102, 10, 1, 'Cekmekoy', 10, 'kennethgaleana@gmail.com', 'Kenneth Galeana', b'0', '1', NULL, '2011-09-11 00:00:00', 3, 'NEW_BEE'),
(103, 10, 1, 'Cakmak', 10, 'kennethstewart@gmail.com', 'Kenneth Stewart', b'0', '1', NULL, '2011-09-10 00:00:00', 3, 'NEW_BEE'),
(104, 10, 1, 'Ataturk', 10, 'kennethwalley@gmail.com', 'Kenneth Walley', b'0', '1', NULL, '2011-09-09 00:00:00', 3, 'NEW_BEE'),
(105, 10, 1, 'Atakent', 10, 'kevinakins@gmail.com', 'Kevin Akins', b'0', '1', NULL, '2011-09-08 00:00:00', 3, 'NEW_BEE'),
(106, 10, 1, 'Asagi Dudullu', 10, 'kevinakins@gmail.com', 'Kevin Akins', b'0', '1', NULL, '2011-09-07 00:00:00', 3, 'NEW_BEE'),
(107, 10, 1, 'Aqua Manors', 10, 'kurthelton@gmail.com', 'Kurt Helton', b'0', '1', NULL, '2011-09-06 00:00:00', 3, 'NEW_BEE'),
(108, 10, 1, 'Aqua City', 10, 'kylesimmons@gmail.com', 'Kyle Simmons', b'0', '1', NULL, '2011-09-05 00:00:00', 3, 'NEW_BEE'),
(109, 10, 1, 'Alemdar', 10, 'larrygaleana@gmail.com', 'Larry Galeana', b'0', '1', NULL, '2011-09-04 00:00:00', 3, 'NEW_BEE'),
(110, 10, 1, 'Alemdag', 10, 'latishaburns@gmail.com', 'Latisha Burns', b'0', '1', NULL, '2011-09-03 00:00:00', 3, 'NEW_BEE'),
(111, 10, 1, 'Yayla', 10, 'latoyaburns@gmail.com', 'Latoya Burns', b'0', '1', NULL, '2011-09-02 00:00:00', 3, 'NEW_BEE'),
(112, 10, 1, 'Ucmeseler', 10, 'lauraakins@gmail.com', 'Laura Akins', b'0', '1', NULL, '2011-09-01 00:00:00', 3, 'NEW_BEE'),
(113, 10, 1, 'Tepeoren', 10, 'lauragreene@gmail.com', 'Laura Greene', b'0', '1', NULL, '2011-08-31 00:00:00', 3, 'NEW_BEE'),
(114, 10, 1, 'Sifa', 10, 'lenawilliams@gmail.com', 'Lena Williams', b'0', '1', NULL, '2011-08-30 00:00:00', 3, 'NEW_BEE'),
(115, 10, 1, 'Postane', 10, 'louiswalley@gmail.com', 'Louis Walley', b'0', '1', NULL, '2011-08-29 00:00:00', 3, 'NEW_BEE'),
(116, 10, 1, 'Postahane', 10, 'lucilegreene@gmail.com', 'Lucile Greene', b'0', '1', NULL, '2011-08-28 00:00:00', 3, 'NEW_BEE'),
(117, 10, 1, 'Mimarsinan', 10, 'lyleacosta@gmail.com', 'Lyle Acosta', b'0', '1', NULL, '2011-08-27 00:00:00', 3, 'NEW_BEE'),
(118, 10, 1, 'Merkez', 10, 'lynnport@gmail.com', 'Lynn Port', b'0', '1', NULL, '2011-08-26 00:00:00', 3, 'NEW_BEE'),
(119, 10, 1, 'Istasyon', 10, 'margaretburdick@gmail.com', 'Margaret Burdick', b'0', '1', NULL, '2011-08-25 00:00:00', 3, 'NEW_BEE'),
(120, 10, 1, 'Icmeler', 10, 'margaretwhite@gmail.com', 'Margaret White', b'0', '1', NULL, '2011-08-24 00:00:00', 3, 'NEW_BEE'),
(121, 10, 1, 'Evliya Celebi', 10, 'mariaacosta@gmail.com', 'Maria Acosta', b'0', '1', NULL, '2011-08-23 00:00:00', 3, 'NEW_BEE'),
(122, 10, 1, 'Camlibel', 10, 'marieburdick@gmail.com', 'Marie Burdick', b'0', '1', NULL, '2011-08-22 00:00:00', 3, 'NEW_BEE'),
(123, 10, 1, 'Cami', 10, 'marjorieakins@gmail.com', 'Marjorie Akins', b'0', '1', NULL, '2011-08-21 00:00:00', 3, 'BUSY_BEE'),
(124, 10, 1, 'Bayramoglu', 10, 'markmcdougal@gmail.com', 'Mark McDougal', b'0', '1', NULL, '2011-08-20 00:00:00', 3, 'BUSY_BEE'),
(125, 10, 1, 'Aydintepe', 10, 'markwhite@gmail.com', 'Mark White', b'0', '1', NULL, '2011-08-19 00:00:00', 3, 'NEW_BEE'),
(126, 10, 1, 'Aydinli', 10, 'marthaport@gmail.com', 'Martha Port', b'0', '1', NULL, '2011-08-18 00:00:00', 3, 'NEW_BEE'),
(127, 10, 1, 'Zincirlikuyu', 10, 'marthastewart@gmail.com', 'Martha Stewart', b'0', '1', NULL, '2011-08-17 00:00:00', 3, 'NEW_BEE'),
(128, 10, 1, 'Yayla', 10, 'maryburdick@gmail.com', 'Mary Burdick', b'0', '1', NULL, '2011-08-16 00:00:00', 3, 'NEW_BEE'),
(129, 10, 1, 'Topagaci', 10, 'maryburns@gmail.com', 'Mary Burns', b'0', '1', NULL, '2011-08-15 00:00:00', 3, 'NEW_BEE'),
(130, 10, 1, 'Tesvikiye', 10, 'marysimmons@gmail.com', 'Mary Simmons', b'0', '1', NULL, '2011-08-14 00:00:00', 3, 'NEW_BEE'),
(131, 10, 1, 'Seyrantepe', 10, 'marywhite@gmail.com', 'Mary White', b'0', '1', NULL, '2011-08-13 00:00:00', 3, 'NEW_BEE'),
(132, 10, 1, 'Pasa', 10, 'matthewwhite@gmail.com', 'Matthew White', b'0', '1', NULL, '2011-08-12 00:00:00', 3, 'NEW_BEE'),
(133, 10, 1, 'Pangalti', 10, 'mauricewalley@gmail.com', 'Maurice Walley', b'0', '1', NULL, '2011-08-11 00:00:00', 3, 'NEW_BEE'),
(134, 10, 1, 'Osmanbey', 10, 'meganstewart@gmail.com', 'Megan Stewart', b'0', '1', NULL, '2011-08-10 00:00:00', 3, 'NEW_BEE'),
(135, 10, 1, 'Ondokuz Mayis', 10, 'melvinstewart@gmail.com', 'Melvin Stewart', b'0', '1', NULL, '2011-08-09 00:00:00', 3, 'NEW_BEE'),
(136, 10, 1, 'Okmeydani', 10, 'michaelmcknight@gmail.com', 'Michael McKnight', b'0', '1', NULL, '2011-08-08 00:00:00', 3, 'NEW_BEE'),
(137, 10, 1, 'Nisantasi', 10, 'michaelport@gmail.com', 'Michael Port', b'0', '1', NULL, '2011-08-07 00:00:00', 3, 'NEW_BEE'),
(138, 10, 1, 'Mesrutiyet', 10, 'michaelwilliams@gmail.com', 'Michael Williams', b'0', '1', NULL, '2011-08-06 00:00:00', 3, 'NEW_BEE'),
(139, 10, 1, 'Mesa Maslak Evleri', 10, 'mollywhite@gmail.com', 'Molly White', b'0', '1', NULL, '2011-08-05 00:00:00', 3, 'NEW_BEE'),
(140, 10, 1, 'Merkez', 10, 'myronmcknight@gmail.com', 'Myron McKnight', b'0', '1', NULL, '2011-08-04 00:00:00', 3, 'NEW_BEE'),
(141, 10, 1, 'Mecidiyekoy Profilo', 10, 'nathanielstewart@gmail.com', 'Nathaniel Stewart', b'0', '1', NULL, '2011-08-03 00:00:00', 3, 'NEW_BEE'),
(142, 10, 1, 'Mecidiyekoy Marmara Sitesi', 10, 'nicolegreene@gmail.com', 'Nicole Greene', b'0', '1', NULL, '2011-08-02 00:00:00', 3, 'NEW_BEE'),
(143, 10, 1, 'Mecidiyekoy', 10, 'okwalley@gmail.com', 'Ok Walley', b'0', '1', NULL, '2011-08-01 00:00:00', 3, 'NEW_BEE'),
(144, 10, 1, 'Maslak', 10, 'paigegage@gmail.com', 'Paige Gage', b'0', '1', NULL, '2011-07-31 00:00:00', 3, 'NEW_BEE'),
(145, 10, 1, 'Mahmut Sevket', 10, 'patrickgage@gmail.com', 'Patrick Gage', b'0', '1', NULL, '2011-07-30 00:00:00', 3, 'NEW_BEE'),
(146, 10, 1, 'Macka', 10, 'patrickhelton@gmail.com', 'Patrick Helton', b'0', '1', NULL, '2011-07-29 00:00:00', 3, 'NEW_BEE'),
(147, 10, 1, 'Kustepe', 10, 'patrickhelton@gmail.com', 'Patrick Helton', b'0', '1', NULL, '2011-07-28 00:00:00', 3, 'NEW_BEE'),
(148, 10, 1, 'Kurtulus', 10, 'paulport@gmail.com', 'Paul Port', b'0', '1', NULL, '2011-07-27 00:00:00', 3, 'NEW_BEE'),
(149, 10, 1, 'Kaptan Pasa', 10, 'paulaharrison@gmail.com', 'Paula Harrison', b'0', '1', NULL, '2011-07-26 00:00:00', 3, 'NEW_BEE'),
(150, 10, 1, 'Izzet Pasa', 10, 'paulamcdougal@gmail.com', 'Paula McDougal', b'0', '1', NULL, '2011-07-25 00:00:00', 3, 'NEW_BEE'),
(151, 10, 1, 'Inonu', 10, 'paulineburdick@gmail.com', 'Pauline Burdick', b'0', '1', NULL, '2011-07-24 00:00:00', 3, 'NEW_BEE'),
(152, 10, 1, 'Huzur', 10, 'pearlgaleana@gmail.com', 'Pearl Galeana', b'0', '1', NULL, '2011-07-23 00:00:00', 3, 'NEW_BEE'),
(153, 10, 1, 'Harbiye', 10, 'peggygreene@gmail.com', 'Peggy Greene', b'0', '1', NULL, '2011-07-22 00:00:00', 3, 'NEW_BEE'),
(154, 10, 1, 'Halil Rifat Pasa', 10, 'pennymcknight@gmail.com', 'Penny McKnight', b'0', '1', NULL, '2011-07-21 00:00:00', 3, 'NEW_BEE'),
(155, 10, 1, 'Halide Edip Adivar', 10, 'peterwilliams@gmail.com', 'Peter Williams', b'0', '1', NULL, '2011-07-20 00:00:00', 3, 'NEW_BEE'),
(156, 10, 1, 'Halaskargazi', 10, 'phillipmcknight@gmail.com', 'Phillip McKnight', b'0', '1', NULL, '2011-07-19 00:00:00', 3, 'NEW_BEE'),
(157, 10, 1, 'Gulbahar', 10, 'phyllisgreene@gmail.com', 'Phyllis Greene', b'0', '1', NULL, '2011-07-18 00:00:00', 3, 'NEW_BEE'),
(158, 10, 1, 'Gulbag', 10, 'phyllissimmons@gmail.com', 'Phyllis Simmons', b'0', '1', NULL, '2011-07-17 00:00:00', 3, 'NEW_BEE'),
(159, 10, 1, 'Gayrettepe', 10, 'randagage@gmail.com', 'Randa Gage', b'0', '1', NULL, '2011-07-16 00:00:00', 3, 'NEW_BEE'),
(160, 10, 1, 'Fulya', 10, 'randyport@gmail.com', 'Randy Port', b'0', '1', NULL, '2011-07-15 00:00:00', 3, 'NEW_BEE'),
(161, 10, 1, 'Ferikoy', 10, 'raymondacosta@gmail.com', 'Raymond Acosta', b'0', '1', NULL, '2011-07-14 00:00:00', 3, 'NEW_BEE'),
(162, 10, 1, 'Esentepe', 10, 'raymondport@gmail.com', 'Raymond Port', b'0', '1', NULL, '2011-07-13 00:00:00', 3, 'NEW_BEE'),
(163, 10, 1, 'Elmadag', 10, 'reneeburdick@gmail.com', 'Renee Burdick', b'0', '1', NULL, '2011-07-12 00:00:00', 3, 'NEW_BEE'),
(164, 10, 1, 'Duatepe', 10, 'richardburns@gmail.com', 'Richard Burns', b'0', '1', NULL, '2011-07-11 00:00:00', 3, 'NEW_BEE'),
(165, 10, 1, 'Ciftecevizler', 10, 'richardchan@gmail.com', 'Richard Chan', b'0', '1', NULL, '2011-07-10 00:00:00', 3, 'NEW_BEE'),
(166, 10, 1, 'Bozkurt', 10, 'richardharrison@gmail.com', 'Richard Harrison', b'0', '1', NULL, '2011-07-09 00:00:00', 3, 'NEW_BEE'),
(167, 10, 1, 'Caglayan', 10, 'robertacosta@gmail.com', 'Robert Acosta', b'0', '1', NULL, '2011-07-08 00:00:00', 3, 'NEW_BEE'),
(168, 10, 1, 'Cumhuriyet', 10, 'robertacosta@gmail.com', 'Robert Acosta', b'0', '1', NULL, '2011-07-07 00:00:00', 3, 'NEW_BEE'),
(169, 10, 1, 'Bozkurt', 10, 'robertacosta@gmail.com', 'Robert Acosta', b'0', '1', NULL, '2011-07-06 00:00:00', 3, 'NEW_BEE'),
(170, 10, 1, 'Ayazaga', 10, 'roberthelton@gmail.com', 'Robert Helton', b'0', '1', NULL, '2011-07-05 00:00:00', 3, 'NEW_BEE'),
(171, 10, 1, 'Yesilvadi', 10, 'robertastewart@gmail.com', 'Roberta Stewart', b'0', '1', NULL, '2011-07-04 00:00:00', 3, 'NEW_BEE'),
(172, 10, 1, 'Ulupelit Koyu', 10, 'rolandmcdougal@gmail.com', 'Roland McDougal', b'0', '1', NULL, '2011-07-03 00:00:00', 3, 'NEW_BEE'),
(173, 10, 1, 'Merkez', 10, 'rosaport@gmail.com', 'Rosa Port', b'0', '1', NULL, '2011-07-02 00:00:00', 3, 'NEW_BEE'),
(174, 10, 1, 'Kumbaba', 10, 'ruthwhite@gmail.com', 'Ruth White', b'0', '1', NULL, '2011-07-01 00:00:00', 3, 'NEW_BEE'),
(175, 10, 1, 'Imrenli', 10, 'samanthaharrison@gmail.com', 'Samantha Harrison', b'0', '1', NULL, '2011-06-30 00:00:00', 3, 'NEW_BEE'),
(176, 10, 1, 'Balibey', 10, 'sammywalley@gmail.com', 'Sammy Walley', b'0', '1', NULL, '2011-06-29 00:00:00', 3, 'NEW_BEE'),
(177, 10, 1, 'Akcakese Koyu', 10, 'samuelakins@gmail.com', 'Samuel Akins', b'0', '1', NULL, '2011-06-28 00:00:00', 3, 'NEW_BEE'),
(178, 10, 1, 'Ahmetli Koyu', 10, 'samuelmcdougal@gmail.com', 'Samuel McDougal', b'0', '1', NULL, '2011-06-27 00:00:00', 3, 'NEW_BEE'),
(179, 10, 1, 'Agva', 10, 'shanikaacosta@gmail.com', 'Shanika Acosta', b'0', '1', NULL, '2011-06-26 00:00:00', 3, 'NEW_BEE'),
(180, 10, 1, 'Aglayankaya', 10, 'shareeakins@gmail.com', 'Sharee Akins', b'0', '1', NULL, '2011-06-25 00:00:00', 3, 'NEW_BEE'),
(181, 10, 1, 'Tuyap Beylik Duzu', 10, 'shavondawaites@gmail.com', 'Shavonda Waites', b'0', '1', NULL, '2011-06-24 00:00:00', 3, 'NEW_BEE'),
(182, 10, 1, 'Turgutreis', 10, 'shawnhelton@gmail.com', 'Shawn Helton', b'0', '1', NULL, '2011-06-23 00:00:00', 3, 'NEW_BEE'),
(183, 10, 1, 'Merkez', 10, 'shellychan@gmail.com', 'Shelly Chan', b'0', '1', NULL, '2011-06-22 00:00:00', 3, 'NEW_BEE'),
(184, 10, 1, 'Mehmet Akif', 10, 'stephaniewhite@gmail.com', 'Stephanie White', b'0', '1', NULL, '2011-06-21 00:00:00', 3, 'NEW_BEE'),
(185, 10, 1, 'Gazi', 10, 'tammygaleana@gmail.com', 'Tammy Galeana', b'0', '1', NULL, '2011-06-20 00:00:00', 3, 'NEW_BEE'),
(186, 10, 1, 'Fatih', 10, 'teresaport@gmail.com', 'Teresa Port', b'0', '1', NULL, '2011-06-19 00:00:00', 3, 'NEW_BEE'),
(187, 10, 1, 'Ortakoy', 10, 'thomasgage@gmail.com', 'Thomas Gage', b'0', '1', NULL, '2011-06-18 00:00:00', 3, 'NEW_BEE'),
(188, 10, 1, 'Merkez', 10, 'thomasmcdougal@gmail.com', 'Thomas McDougal', b'0', '1', NULL, '2011-06-17 00:00:00', 3, 'NEW_BEE'),
(189, 10, 1, 'Kinali', 10, 'tomasawhite@gmail.com', 'Tomasa White', b'0', '1', NULL, '2011-06-16 00:00:00', 3, 'NEW_BEE'),
(190, 10, 1, 'Gumusyaka', 10, 'tonitawalley@gmail.com', 'Tonita Walley', b'0', '1', NULL, '2011-06-15 00:00:00', 3, 'NEW_BEE'),
(191, 10, 1, 'Degirmenkoy', 10, 'tracyacosta@gmail.com', 'Tracy Acosta', b'0', '1', NULL, '2011-06-14 00:00:00', 3, 'NEW_BEE'),
(192, 10, 1, 'Halide Edip Adivar', 10, 'tracywaites@gmail.com', 'Tracy Waites', b'0', '1', NULL, '2011-06-13 00:00:00', 3, 'NEW_BEE'),
(193, 10, 1, 'Halaskargazi', 10, 'valerieakins@gmail.com', 'Valerie Akins', b'0', '1', NULL, '2011-06-12 00:00:00', 3, 'NEW_BEE'),
(194, 10, 1, 'Gulbahar', 10, 'valerieburns@gmail.com', 'Valerie Burns', b'0', '1', NULL, '2011-06-11 00:00:00', 3, 'NEW_BEE'),
(195, 10, 1, 'Gulbag', 10, 'whitneyharrison@gmail.com', 'Whitney Harrison', b'0', '1', NULL, '2011-06-10 00:00:00', 3, 'NEW_BEE'),
(196, 10, 1, 'Gayrettepe', 10, 'williamstewart@gmail.com', 'William Stewart', b'0', '1', NULL, '2011-06-09 00:00:00', 3, 'NEW_BEE'),
(197, 10, 1, 'Fulya', 10, 'williamwhite@gmail.com', 'William White', b'0', '1', NULL, '2011-06-08 00:00:00', 3, 'NEW_BEE'),
(198, 10, 1, 'Ferikoy', 10, 'willieburns@gmail.com', 'Willie Burns', b'0', '1', NULL, '2011-06-07 00:00:00', 3, 'NEW_BEE'),
(199, 10, 1, 'Babiali', 10, 'bob@gmail.com', 'Bob Loblaw', b'0', 'secret', '9f1e838f-47de-4c49-9440-acbb3793f280|image/jpeg', '2010-08-09 00:00:00', 3, 'NEW_BEE'),
(200, 10, 1, 'Universe', 10, 'galactus@gmail.com', 'Galactus', b'0', 'omnipotus', '5fdb5eff-9b7a-4ea9-a7a5-64cf7185438c|image/jpeg', '2011-12-29 00:54:31', 1, 'NEW_BEE'),
(201, 10, 1, 'Stars', 10, 'gfoyle@gmail.com', 'Gully Foyle', b'0', 'tigertiger', 'e5c3730e-2143-4e1d-806e-9c528c7c4663|image/jpeg', '2011-12-30 15:23:16', 1, 'NEW_BEE'),
(202, 10, 1, 'Mars', 10, 'vmsmith@gmail.com', 'Valentine Michael Smith', b'0', 'stranger', '3dbd102d-a4a2-4e7e-b157-0cd99f09d1ac|image/jpeg', '2011-12-31 01:53:13', 1, 'NEW_BEE'),
(203, 10, 1, 'Jupiter', 10, 'dbowman@gmail.com', 'David Bowman', b'0', 'hal9000', '62183194-5b9f-4b33-b56b-efbf1b91e2de|image/jpeg', '2011-12-31 02:36:11', 1, 'NEW_BEE'),
(204, 10, 1, 'Nostromo', 10, 'eripley@gmail.com', 'Ellen Ripley', b'0', 'newt', '48aa69dc-c31f-4fe7-b6ad-b3a25c080a7b|image/jpeg', '2012-01-01 00:18:51', 1, 'NEW_BEE'),
(205, 10, 3, 'Andromeda c3 Atasehir', 10, 'eeozekin@gmail.com', 'Eylem Ozekin', b'0', 'mefistofeles', 'd2fba22b-95bf-45ee-b3d6-a44a208603c3|image/jpeg', '2012-01-08 23:09:57', 3, 'NEW_BEE'),
(207, 10, 3, 'etiler bogazici uni', 10, 'roysimkes@gmail.com', 'roy simkes', b'0', '12345', 'a5bf0ba7-cfe0-4c5d-8fc5-025c27c4c36f|image/jpeg', '2012-01-09 20:24:31', 3, 'NEW_BEE'),
(208, 10, 3, 'What address?', 10, 'public@cakirerk.org', 'Renan Cakirerk', b'0', '123123', NULL, '2012-01-09 20:27:00', 3, 'NEW_BEE'),
(209, 10, 3, 'Libadiye', 10, 'lisahoney@gmail.com', 'Lisa Honey', b'0', '123', 'b8eb2448-3137-477c-a735-abf32f42bf43|image/png', '2012-01-09 20:27:51', 3, 'NEW_BEE'),
(210, 10, 3, 'is', 10, 'a@a.com', 'Ertugrul', b'0', '123456', '1de3fc27-374d-4a7d-90a9-8bba77b3cc5a|image/jpeg', '2012-01-09 20:27:52', 3, 'NEW_BEE'),
(211, 10, 3, 'Somewhere in the vicinity of Betelgeuse ', 10, 'mdduru@gmail.com', 'Durukan Duru', b'0', 'Asd123', '8685fa09-fdd4-4eae-8c98-be6203e750d2|image/jpeg', '2012-01-09 20:28:30', 3, 'NEW_BEE'),
(212, 10, 3, '"''', 10, '"''', '"''', b'0', '"''', NULL, '2012-01-11 11:00:15', 3, 'NEW_BEE'),
(213, 10, 3, '28 Macdonald St', 10, 'aj.heper@gmail.com', 'Ece Heper', b'0', 'ozzyaj1001', 'ecd22d78-3b1b-4230-8a53-ba4bce273e22|image/jpeg', '2012-01-11 18:15:10', 3, 'NEW_BEE'),
(214, 10, 3, 'Kadıköy Moda', 10, 'nadin.kokciyan@boun.edu.tr', 'Nadin', b'0', '1234', NULL, '2012-01-17 12:19:19', 3, 'NEW_BEE'),
(215, 10, 3, 'boun', 10, 'Uskudarli', 'S', b'0', 'letitbb1111', NULL, '2012-01-19 01:07:06', 3, 'NEW_BEE'),
(216, 10, 3, 'Istanbul', 10, 'uskudarli@gmail.com', 'S Uskudarli', b'0', 'letitbee', NULL, '2012-01-19 01:09:59', 3, 'NEW_BEE'),
(217, 10, 3, 'boun', 10, 'uskudarli@gmail.com', 'S Uskudarli', b'0', '123456', 'a6a54777-4e0f-426f-a175-089ca084452a|image/jpeg', '2012-01-19 01:12:39', 3, 'NEW_BEE'),
(218, 10, 3, 'moda', 10, 'agacho@yahoo.com', 'nadin', b'0', '12341234', NULL, '2012-01-19 17:08:28', 3, 'NEW_BEE'),
(219, 10, 3, 'Hisarustu', 10, 'onur.buyukceran@gmail.com', 'Onur Buyukceran', b'0', 'suzan', 'e4cb51a0-a895-4c06-9708-b611c91b95a4|image/jpeg', '2012-02-20 20:00:42', 3, 'NEW_BEE'),
(220, 10, 3, 'Istanbul', 10, 'Mehmetemrahk@gmail.com', 'Mehmet Emrah Konya', b'0', '1234Zxcv', NULL, '2012-02-20 20:02:30', 3, 'NEW_BEE'),
(221, 10, 3, 'Istanbul', 10, 'kutax@hotmail.com', 'Kutay Ozdogru', b'0', 'karetta', 'b23b225e-46c2-4ae6-a826-a4de1947a0b3|image/jpeg', '2012-02-21 10:13:02', 3, 'NEW_BEE'),
(222, 10, 3, 'Ortaklar cad. MKöy İstanbul', 10, 'gokhan@ercannet.com', 'Gökhan Ercan', b'0', 'letitbee', NULL, '2012-02-24 18:39:13', 3, 'NEW_BEE'),
(223, 10, 3, 'Istanbul', 10, 'melihevren@gmail.com', 'Melih Evren', b'0', '12345', '50fee6a7-514e-4345-a7d9-915db120f1e2|image/png', '2012-02-27 15:23:29', 3, 'NEW_BEE'),
(224, 10, 3, 'İstanbulA', 10, 'seyfi.gozubuyuk@boun.edu.tr', 'Seyfi', b'0', '2233Alti', '3a1d765d-c786-4db1-aca5-29148dbdf790|image/png', '2012-02-27 16:37:54', 3, 'NEW_BEE'),
(225, 10, 3, 'Istanbul', 10, 'onuryaman@gmail.com', 'Onur Yaman', b'0', '123456', NULL, '2012-02-27 19:17:23', 3, 'NEW_BEE'),
(226, 10, 3, 'Istanbul', 10, 'seyfig@yahoo.com', 'Serhat K', b'0', '2233Alti', NULL, '2012-02-27 19:46:25', 3, 'NEW_BEE'),
(227, 10, 3, 'dadasda', 10, 'user321name@gmail.com', 'omer omer', b'0', 'makalele1', NULL, '2012-02-27 23:02:54', 3, 'NEW_BEE'),
(228, 10, 3, 'yeşil kıbrıs sok ', 10, 'ipek', 'baran', b'0', '621000', 'dccd8132-2152-472a-a721-4107f2f93fb4|image/jpeg', '2012-02-28 15:51:06', 3, 'NEW_BEE'),
(229, 10, 3, 'ist', 10, 'esn.merve@gmail.com', 'merve esen', b'0', 'plasebo', 'null|null', '2012-02-28 21:42:24', 3, 'NEW_BEE'),
(230, 10, 3, 'ist', 10, 'esn.merve@gmail.com', 'zeynep', b'0', 'plasebo', NULL, '2012-02-28 22:03:45', 3, 'NEW_BEE'),
(231, 10, 3, 'ist', 10, 'esn.merve@hotmail.com', 'zey', b'0', 'plasebo', NULL, '2012-02-28 22:06:44', 3, 'NEW_BEE'),
(232, 10, 3, 'ist', 10, 'esn.merve@gmail.com', 'fake', b'0', 'napacan', NULL, '2012-02-28 22:30:25', 3, 'NEW_BEE'),
(233, 10, 3, 'ist', 10, 'esn.merve@gmail.com', 'julio', b'0', 'julio', NULL, '2012-02-28 22:31:35', 3, 'NEW_BEE'),
(234, 10, 3, 'upss sokkak .hayda aptm', 10, 'ipekbaran', 'baran1', b'0', '621000', NULL, '2012-03-02 13:24:54', 3, 'NEW_BEE'),
(235, 10, 3, 'sdasasdasdasdasd', 10, 'adasdasd', 'baran1', b'0', '621000', NULL, '2012-03-02 13:50:10', 3, 'NEW_BEE'),
(236, 10, 3, 'Istanbul', 10, 'ojbodur@gmail.com', 'Oraj Bodur', b'0', 'oraj1990', NULL, '2012-03-03 18:07:27', 3, 'NEW_BEE'),
(237, 10, 3, 'İstanbul', 10, 'talatozer@gmail.com', 'Talat Özer', b'0', '1111qqqq', NULL, '2012-03-03 20:30:57', 3, 'NEW_BEE'),
(238, 10, 3, 'Trantor', 10, 'talat_ozer@yahoo.com', 'Isaac Asimov', b'0', '1111qqqq', NULL, '2012-03-04 13:46:40', 3, 'NEW_BEE'),
(239, 10, 3, 'a', 10, 'ezgis@sabanciuniv.edu', 'Ezgi Sayan', b'0', '123', NULL, '2012-03-04 17:12:15', 3, 'NEW_BEE'),
(240, 10, 3, 'Istanbul', 10, 'onur.buyukceran@gmail.com', 'Onur Buyukceran', b'0', 'DethroN9', NULL, '2012-03-05 17:44:50', 3, 'NEW_BEE'),
(241, 10, 3, 'Hisarustux', 10, 'onur.buyukceran@gmail.com', 'Osman Barbaryan', b'0', 'swe', 'dae006ba-cc5f-4319-91dc-ed84ff5bf78f|image/jpeg', '2012-03-05 19:32:04', 3, 'NEW_BEE'),
(242, 10, 3, 'ist', 10, 'esn.merve@hotmail.com', 'grete', b'0', '12345', NULL, '2012-03-09 18:55:39', 3, 'NEW_BEE'),
(243, 10, 3, 'Hisarüstü', 10, 'algun.fatih@gmail.com', 'Fatih', b'0', '123456', NULL, '2012-03-09 23:12:40', 3, 'NEW_BEE'),
(244, 10, 3, 'gokhan', 10, 'gokhan@ercannet.com', 'Gökhan Ercan', b'0', 'gokhan', NULL, '2012-03-10 12:42:15', 3, 'NEW_BEE'),
(245, 10, 3, 'Boğaziçi Üniversitesi', 10, 'eozgit@gmail.com', 'Enis Özgit', b'0', 'behe99', NULL, '2012-03-10 15:51:54', 3, 'NEW_BEE'),
(246, 10, 3, 'fındıklı', 10, 'mehmetemrahk@gmail.com', 'Mehmet Emrah Konya', b'0', '1234qwer', NULL, '2012-03-11 15:53:28', 3, 'NEW_BEE'),
(247, 10, 3, '_*"/-+', 10, 'dogancemgunduz@gmail.com', 'Doğan Cem Gündüz', b'0', 'smtsmtdarkside', '17de3229-6fca-4904-bf3d-f0da8e5056d8|image/jpeg', '2012-03-12 17:20:14', 3, 'NEW_BEE');

-- --------------------------------------------------------

--
-- Tablo için tablo yapısı: `User1`
--

CREATE TABLE IF NOT EXISTS `User1` (
  `id` bigint(20) NOT NULL DEFAULT '0',
  `INITIAL_BALANCE` int(11) NOT NULL,
  `INITIAL_REPUTATION` int(11) NOT NULL,
  `address` varchar(255) CHARACTER SET utf8 DEFAULT NULL,
  `balance` int(11) DEFAULT NULL,
  `email` varchar(255) CHARACTER SET utf8 DEFAULT NULL,
  `fullname` varchar(255) CHARACTER SET utf8 DEFAULT NULL,
  `isAdmin` bit(1) DEFAULT NULL,
  `password` varchar(255) CHARACTER SET utf8 DEFAULT NULL,
  `photo` varchar(255) CHARACTER SET utf8 DEFAULT NULL,
  `registrationDate` datetime DEFAULT NULL,
  `reputation` int(11) DEFAULT NULL,
  `badge` varchar(255) CHARACTER SET utf8 DEFAULT NULL
) ENGINE=MyISAM DEFAULT CHARSET=latin1;

--
-- Tablo döküm verisi `User1`
--

INSERT INTO `User1` (`id`, `INITIAL_BALANCE`, `INITIAL_REPUTATION`, `address`, `balance`, `email`, `fullname`, `isAdmin`, `password`, `photo`, `registrationDate`, `reputation`, `badge`) VALUES
(1, 10, 1, 'Zeytinburnu Olivium', 10, 'alanmcdougal@gmail.com', 'Alan McDougal', b'0', '1', NULL, '2011-12-21 00:00:00', 3, 'NEW_BEE'),
(2, 10, 1, 'Yesiltepe', 10, 'albertwaites@gmail.com', 'Albert Waites', b'0', '1', NULL, '2011-12-20 00:00:00', 3, 'NEW_BEE'),
(3, 10, 1, 'Yeni Dogan', 10, 'albertwilliams@gmail.com', 'Albert Williams', b'0', '1', NULL, '2011-12-19 00:00:00', 3, 'NEW_BEE'),
(4, 10, 1, 'Veliefendi', 10, 'alfredharrison@gmail.com', 'Alfred Harrison', b'0', '1', NULL, '2011-12-18 00:00:00', 3, 'NEW_BEE'),
(5, 10, 1, 'Topcular', 10, 'allenwhite@gmail.com', 'Allen White', b'0', '1', NULL, '2011-12-17 00:00:00', 3, 'NEW_BEE'),
(6, 10, 1, 'Telsiz', 10, 'amywalley@gmail.com', 'Amy Walley', b'0', '1', NULL, '2011-12-16 00:00:00', 3, 'NEW_BEE'),
(7, 10, 1, 'Sumer', 10, 'anamcdougal@gmail.com', 'Ana McDougal', b'0', '1', NULL, '2011-12-15 00:00:00', 3, 'NEW_BEE'),
(8, 10, 1, 'Seyitnizam', 10, 'andreawilliams@gmail.com', 'Andrea Williams', b'0', '1', NULL, '2011-12-14 00:00:00', 3, 'NEW_BEE'),
(9, 10, 1, 'Nuripasa', 10, 'andrewwaites@gmail.com', 'Andrew Waites', b'0', '1', NULL, '2011-12-13 00:00:00', 3, 'NEW_BEE'),
(10, 10, 1, 'Merkez Efendi', 10, 'angelacosta@gmail.com', 'Angel Acosta', b'0', '1', NULL, '2011-12-12 00:00:00', 3, 'NEW_BEE'),
(11, 10, 1, 'Merkez', 10, 'angelaharrison@gmail.com', 'Angela Harrison', b'0', '1', NULL, '2011-12-11 00:00:00', 3, 'NEW_BEE'),
(12, 10, 1, 'Maltepe', 10, 'annamaechan@gmail.com', 'Annamae Chan', b'0', '1', NULL, '2011-12-10 00:00:00', 3, 'NEW_BEE'),
(13, 10, 1, 'Kazlicesme', 10, 'anthonywhite@gmail.com', 'Anthony White', b'0', '1', NULL, '2011-12-09 00:00:00', 3, 'NEW_BEE'),
(14, 10, 1, 'Hatboyu', 10, 'arthursimmons@gmail.com', 'Arthur Simmons', b'0', '1', NULL, '2011-12-08 00:00:00', 3, 'NEW_BEE'),
(15, 10, 1, 'Gokalp', 10, 'barbaragaleana@gmail.com', 'Barbara Galeana', b'0', '1', NULL, '2011-12-07 00:00:00', 3, 'NEW_BEE'),
(16, 10, 1, 'Deniz Abdal', 10, 'benjamingage@gmail.com', 'Benjamin Gage', b'0', '1', NULL, '2011-12-06 00:00:00', 3, 'NEW_BEE'),
(17, 10, 1, 'Cirpici', 10, 'bennymcknight@gmail.com', 'Benny McKnight', b'0', '1', NULL, '2011-12-05 00:00:00', 3, 'NEW_BEE'),
(18, 10, 1, 'Bestelsiz', 10, 'bethhelton@gmail.com', 'Beth Helton', b'0', '1', NULL, '2011-12-04 00:00:00', 3, 'NEW_BEE'),
(19, 10, 1, 'Yavuzturk', 10, 'bettygage@gmail.com', 'Betty Gage', b'0', '1', NULL, '2011-12-03 00:00:00', 3, 'NEW_BEE'),
(20, 10, 1, 'Vanikoy', 10, 'bobharrison@gmail.com', 'Bob Harrison', b'0', '1', NULL, '2011-12-02 00:00:00', 3, 'NEW_BEE'),
(21, 10, 1, 'Valide-i Atik', 10, 'brendamcknight@gmail.com', 'Brenda McKnight', b'0', '1', NULL, '2011-12-01 00:00:00', 3, 'NEW_BEE'),
(22, 10, 1, 'Uskudar - Unalan Konut.', 10, 'bruceakins@gmail.com', 'Bruce Akins', b'0', '1', NULL, '2011-11-30 00:00:00', 3, 'NEW_BEE'),
(23, 10, 1, 'Unalan', 10, 'carolyngage@gmail.com', 'Carolyn Gage', b'0', '1', NULL, '2011-11-29 00:00:00', 3, 'NEW_BEE'),
(24, 10, 1, 'Toygar Hamza', 10, 'celiawhite@gmail.com', 'Celia White', b'0', '1', NULL, '2011-11-28 00:00:00', 3, 'NEW_BEE'),
(25, 10, 1, 'Tembel Haci Mehmet', 10, 'charleschan@gmail.com', 'Charles Chan', b'0', '1', NULL, '2011-11-27 00:00:00', 3, 'NEW_BEE'),
(26, 10, 1, 'Tavasi Hasan Aga', 10, 'christinegaleana@gmail.com', 'Christine Galeana', b'0', '1', NULL, '2011-11-26 00:00:00', 3, 'NEW_BEE'),
(27, 10, 1, 'Tabaklar', 10, 'christinewilliams@gmail.com', 'Christine Williams', b'0', '1', NULL, '2011-11-25 00:00:00', 3, 'NEW_BEE'),
(28, 10, 1, 'Sultantepe', 10, 'christopherchan@gmail.com', 'Christopher Chan', b'0', '1', NULL, '2011-11-24 00:00:00', 3, 'NEW_BEE'),
(29, 10, 1, 'Solak Sinan', 10, 'clarawilliams@gmail.com', 'Clara Williams', b'0', '1', NULL, '2011-11-23 00:00:00', 3, 'NEW_BEE'),
(30, 10, 1, 'Selman Aga', 10, 'coleharrison@gmail.com', 'Cole Harrison', b'0', '1', NULL, '2011-11-22 00:00:00', 3, 'NEW_BEE'),
(31, 10, 1, 'Selimiye', 10, 'colleenburdick@gmail.com', 'Colleen Burdick', b'0', '1', NULL, '2011-11-21 00:00:00', 3, 'NEW_BEE'),
(32, 10, 1, 'Selami Ali', 10, 'corawaites@gmail.com', 'Cora Waites', b'0', '1', NULL, '2011-11-20 00:00:00', 3, 'NEW_BEE'),
(33, 10, 1, 'Rumimehmet Pasa', 10, 'cynthiaharrison@gmail.com', 'Cynthia Harrison', b'0', '1', NULL, '2011-11-19 00:00:00', 3, 'NEW_BEE'),
(34, 10, 1, 'Pazarbasi', 10, 'cynthiaport@gmail.com', 'Cynthia Port', b'0', '1', NULL, '2011-11-18 00:00:00', 3, 'NEW_BEE'),
(35, 10, 1, 'Ornektepe', 10, 'darrinakins@gmail.com', 'Darrin Akins', b'0', '1', NULL, '2011-11-17 00:00:00', 3, 'NEW_BEE'),
(36, 10, 1, 'Nakkastepe', 10, 'davidhelton@gmail.com', 'David Helton', b'0', '1', NULL, '2011-11-16 00:00:00', 3, 'NEW_BEE'),
(37, 10, 1, 'Murat Reis', 10, 'davidstewart@gmail.com', 'David Stewart', b'0', '1', NULL, '2011-11-15 00:00:00', 3, 'NEW_BEE'),
(38, 10, 1, 'Libadiye', 10, 'deborahwhite@gmail.com', 'Deborah White', b'0', '1', NULL, '2011-11-14 00:00:00', 3, 'NEW_BEE'),
(39, 10, 1, 'Kupluce', 10, 'derrickakins@gmail.com', 'Derrick Akins', b'0', '1', NULL, '2011-11-13 00:00:00', 3, 'NEW_BEE'),
(40, 10, 1, 'Kucuksu', 10, 'donsimmons@gmail.com', 'Don Simmons', b'0', '1', NULL, '2011-11-12 00:00:00', 3, 'NEW_BEE'),
(41, 10, 1, 'Kuzguncuk', 10, 'donnagreene@gmail.com', 'Donna Greene', b'0', '1', NULL, '2011-11-11 00:00:00', 3, 'NEW_BEE'),
(42, 10, 1, 'Kuleli', 10, 'dorothygreene@gmail.com', 'Dorothy Greene', b'0', '1', NULL, '2011-11-10 00:00:00', 3, 'NEW_BEE'),
(43, 10, 1, 'Kirazlitepe', 10, 'dorothysimmons@gmail.com', 'Dorothy Simmons', b'0', '1', NULL, '2011-11-09 00:00:00', 3, 'NEW_BEE'),
(44, 10, 1, 'Kisikli', 10, 'drewchan@gmail.com', 'Drew Chan', b'0', '1', NULL, '2011-11-08 00:00:00', 3, 'NEW_BEE'),
(45, 10, 1, 'Kepcedede', 10, 'edithgaleana@gmail.com', 'Edith Galeana', b'0', '1', NULL, '2011-11-07 00:00:00', 3, 'NEW_BEE'),
(46, 10, 1, 'Kandilli', 10, 'edwardgreene@gmail.com', 'Edward Greene', b'0', '1', NULL, '2011-11-06 00:00:00', 3, 'NEW_BEE'),
(47, 10, 1, 'Inkilap', 10, 'edwardsimmons@gmail.com', 'Edward Simmons', b'0', '1', NULL, '2011-11-05 00:00:00', 3, 'NEW_BEE'),
(48, 10, 1, 'Imrahor Salacak', 10, 'elenachan@gmail.com', 'Elena Chan', b'0', '1', NULL, '2011-11-04 00:00:00', 3, 'NEW_BEE'),
(49, 10, 1, 'Ihsaniye', 10, 'elizabethwaites@gmail.com', 'Elizabeth Waites', b'0', '1', NULL, '2011-11-03 00:00:00', 3, 'NEW_BEE'),
(50, 10, 1, 'Icadiye', 10, 'elvirawhite@gmail.com', 'Elvira White', b'0', '1', NULL, '2011-11-02 00:00:00', 3, 'NEW_BEE'),
(51, 10, 1, 'Hayrettin Cavus', 10, 'elwoodmcknight@gmail.com', 'Elwood McKnight', b'0', '1', NULL, '2011-11-01 00:00:00', 3, 'NEW_BEE'),
(52, 10, 1, 'Havuzbasi', 10, 'emilystewart@gmail.com', 'Emily Stewart', b'0', '1', NULL, '2011-10-31 00:00:00', 3, 'NEW_BEE'),
(53, 10, 1, 'Harem', 10, 'emilywhite@gmail.com', 'Emily White', b'0', '1', NULL, '2011-10-30 00:00:00', 3, 'NEW_BEE'),
(54, 10, 1, 'Haci Hesna Hatun', 10, 'ericchan@gmail.com', 'Eric Chan', b'0', '1', NULL, '2011-10-29 00:00:00', 3, 'NEW_BEE'),
(55, 10, 1, 'Guzeltepe', 10, 'ernestburns@gmail.com', 'Ernest Burns', b'0', '1', NULL, '2011-10-28 00:00:00', 3, 'NEW_BEE'),
(56, 10, 1, 'Gulfem Hatun', 10, 'francinehelton@gmail.com', 'Francine Helton', b'0', '1', NULL, '2011-10-27 00:00:00', 3, 'NEW_BEE'),
(57, 10, 1, 'Fistikagaci', 10, 'frankgaleana@gmail.com', 'Frank Galeana', b'0', '1', NULL, '2011-10-26 00:00:00', 3, 'NEW_BEE'),
(58, 10, 1, 'Fetih', 10, 'fredgage@gmail.com', 'Fred Gage', b'0', '1', NULL, '2011-10-25 00:00:00', 3, 'NEW_BEE'),
(59, 10, 1, 'Ferah', 10, 'frederickwaites@gmail.com', 'Frederick Waites', b'0', '1', NULL, '2011-10-24 00:00:00', 3, 'NEW_BEE'),
(60, 10, 1, 'Esatpasa', 10, 'garymcdougal@gmail.com', 'Gary McDougal', b'0', '1', NULL, '2011-10-23 00:00:00', 3, 'NEW_BEE'),
(61, 10, 1, 'Emniyet', 10, 'georgegaleana@gmail.com', 'George Galeana', b'0', '1', NULL, '2011-10-22 00:00:00', 3, 'NEW_BEE'),
(62, 10, 1, 'Emek', 10, 'geraldhelton@gmail.com', 'Gerald Helton', b'0', '1', NULL, '2011-10-21 00:00:00', 3, 'NEW_BEE'),
(63, 10, 1, 'Cengelkoy', 10, 'geraldwilliams@gmail.com', 'Gerald Williams', b'0', '1', NULL, '2011-10-20 00:00:00', 3, 'NEW_BEE'),
(64, 10, 1, 'Camliktepe', 10, 'gloriaburdick@gmail.com', 'Gloria Burdick', b'0', '1', NULL, '2011-10-19 00:00:00', 3, 'NEW_BEE'),
(65, 10, 1, 'Camlica', 10, 'gracewalley@gmail.com', 'Grace Walley', b'0', '1', NULL, '2011-10-18 00:00:00', 3, 'NEW_BEE'),
(66, 10, 1, 'Cumhuriyet', 10, 'harlanburns@gmail.com', 'Harlan Burns', b'0', '1', NULL, '2011-10-17 00:00:00', 3, 'NEW_BEE'),
(67, 10, 1, 'Burhaniye', 10, 'helenwhite@gmail.com', 'Helen White', b'0', '1', NULL, '2011-10-16 00:00:00', 3, 'NEW_BEE'),
(68, 10, 1, 'Bulgurlu', 10, 'helenemcdougal@gmail.com', 'Helene McDougal', b'0', '1', NULL, '2011-10-15 00:00:00', 3, 'NEW_BEE'),
(69, 10, 1, 'Beylerbeyi', 10, 'jamesburdick@gmail.com', 'James Burdick', b'0', '1', NULL, '2011-10-14 00:00:00', 3, 'NEW_BEE'),
(70, 10, 1, 'Barbaros', 10, 'janegreene@gmail.com', 'Jane Greene', b'0', '1', NULL, '2011-10-13 00:00:00', 3, 'NEW_BEE'),
(71, 10, 1, 'Bahcelievler', 10, 'janetburns@gmail.com', 'Janet Burns', b'0', '1', NULL, '2011-10-12 00:00:00', 3, 'NEW_BEE'),
(72, 10, 1, 'Baglarbasi', 10, 'janetchan@gmail.com', 'Janet Chan', b'0', '1', NULL, '2011-10-11 00:00:00', 3, 'NEW_BEE'),
(73, 10, 1, 'Ayazma', 10, 'janetgreene@gmail.com', 'Janet Greene', b'0', '1', NULL, '2011-10-10 00:00:00', 3, 'NEW_BEE'),
(74, 10, 1, 'Ata - 2', 10, 'javierstewart@gmail.com', 'Javier Stewart', b'0', '1', NULL, '2011-10-09 00:00:00', 3, 'NEW_BEE'),
(75, 10, 1, 'Arakiyeci Haci Mehmet', 10, 'jeffreysimmons@gmail.com', 'Jeffrey Simmons', b'0', '1', NULL, '2011-10-08 00:00:00', 3, 'NEW_BEE'),
(76, 10, 1, 'Arakiyeci Haci Cafer', 10, 'jennymcknight@gmail.com', 'Jenny McKnight', b'0', '1', NULL, '2011-10-07 00:00:00', 3, 'NEW_BEE'),
(77, 10, 1, 'Altunizade', 10, 'jeromewhite@gmail.com', 'Jerome White', b'0', '1', NULL, '2011-10-06 00:00:00', 3, 'NEW_BEE'),
(78, 10, 1, 'Ahmet Celebi', 10, 'johnwaites@gmail.com', 'John Waites', b'0', '1', NULL, '2011-10-05 00:00:00', 3, 'NEW_BEE'),
(79, 10, 1, 'Ahcibasi', 10, 'johnnywhite@gmail.com', 'Johnny White', b'0', '1', NULL, '2011-10-04 00:00:00', 3, 'NEW_BEE'),
(80, 10, 1, 'Acibadem', 10, 'jonathangage@gmail.com', 'Jonathan Gage', b'0', '1', NULL, '2011-10-03 00:00:00', 3, 'NEW_BEE'),
(81, 10, 1, 'Abdullahaga', 10, 'jonathanwhite@gmail.com', 'Jonathan White', b'0', '1', NULL, '2011-10-02 00:00:00', 3, 'NEW_BEE'),
(82, 10, 1, 'Yukari Dudullu', 10, 'jonggaleana@gmail.com', 'Jong Galeana', b'0', '1', NULL, '2011-10-01 00:00:00', 3, 'NEW_BEE'),
(83, 10, 1, 'Y.Camlica', 10, 'jordanmcknight@gmail.com', 'Jordan McKnight', b'0', '1', NULL, '2011-09-30 00:00:00', 3, 'NEW_BEE'),
(84, 10, 1, 'Tepeustu', 10, 'jorgewalley@gmail.com', 'Jorge Walley', b'0', '1', NULL, '2011-09-29 00:00:00', 3, 'NEW_BEE'),
(85, 10, 1, 'Tasdelen', 10, 'joseburns@gmail.com', 'Jose Burns', b'0', '1', NULL, '2011-09-28 00:00:00', 3, 'NEW_BEE'),
(86, 10, 1, 'Soyak Yenisehir', 10, 'josefinasimmons@gmail.com', 'Josefina Simmons', b'0', '1', NULL, '2011-09-27 00:00:00', 3, 'NEW_BEE'),
(87, 10, 1, 'Sarigazi', 10, 'josephburdick@gmail.com', 'Joseph Burdick', b'0', '1', NULL, '2011-09-26 00:00:00', 3, 'NEW_BEE'),
(88, 10, 1, 'Resadiye', 10, 'josephwalley@gmail.com', 'Joseph Walley', b'0', '1', NULL, '2011-09-25 00:00:00', 3, 'NEW_BEE'),
(89, 10, 1, 'Polonezkoy', 10, 'josephwhite@gmail.com', 'Joseph White', b'0', '1', NULL, '2011-09-24 00:00:00', 3, 'NEW_BEE'),
(90, 10, 1, 'Omerli', 10, 'joyceburdick@gmail.com', 'Joyce Burdick', b'0', '1', NULL, '2011-09-23 00:00:00', 3, 'NEW_BEE'),
(91, 10, 1, 'Namik Kemal', 10, 'juliechan@gmail.com', 'Julie Chan', b'0', '1', NULL, '2011-09-22 00:00:00', 3, 'NEW_BEE'),
(92, 10, 1, 'Mustafa Kemal', 10, 'juliohelton@gmail.com', 'Julio Helton', b'0', '1', NULL, '2011-09-21 00:00:00', 3, 'NEW_BEE'),
(93, 10, 1, 'Merkez', 10, 'juniorwilliams@gmail.com', 'Junior Williams', b'0', '1', NULL, '2011-09-20 00:00:00', 3, 'NEW_BEE'),
(94, 10, 1, 'Kazim Karabekir', 10, 'justinacosta@gmail.com', 'Justin Acosta', b'0', '1', NULL, '2011-09-19 00:00:00', 3, 'NEW_BEE'),
(95, 10, 1, 'Istiklal', 10, 'justinmcdougal@gmail.com', 'Justin McDougal', b'0', '1', NULL, '2011-09-18 00:00:00', 3, 'NEW_BEE'),
(96, 10, 1, 'Inkilap', 10, 'katherinegage@gmail.com', 'Katherine Gage', b'0', '1', NULL, '2011-09-17 00:00:00', 3, 'NEW_BEE'),
(97, 10, 1, 'Ihlamurkuyu', 10, 'katherinewaites@gmail.com', 'Katherine Waites', b'0', '1', NULL, '2011-09-16 00:00:00', 3, 'NEW_BEE'),
(98, 10, 1, 'Hekimbasi', 10, 'kaylamcknight@gmail.com', 'Kayla McKnight', b'0', '1', NULL, '2011-09-15 00:00:00', 3, 'NEW_BEE'),
(99, 10, 1, 'Esensehir', 10, 'kellyharrison@gmail.com', 'Kelly Harrison', b'0', '1', NULL, '2011-09-14 00:00:00', 3, 'NEW_BEE'),
(100, 10, 1, 'Eksioglu Besyildiz', 10, 'kellywaites@gmail.com', 'Kelly Waites', b'0', '1', NULL, '2011-09-13 00:00:00', 3, 'NEW_BEE'),
(101, 10, 1, 'Dudullu', 10, 'kellywilliams@gmail.com', 'Kelly Williams', b'0', '1', NULL, '2011-09-12 00:00:00', 3, 'NEW_BEE'),
(102, 10, 1, 'Cekmekoy', 10, 'kennethgaleana@gmail.com', 'Kenneth Galeana', b'0', '1', NULL, '2011-09-11 00:00:00', 3, 'NEW_BEE'),
(103, 10, 1, 'Cakmak', 10, 'kennethstewart@gmail.com', 'Kenneth Stewart', b'0', '1', NULL, '2011-09-10 00:00:00', 3, 'NEW_BEE'),
(104, 10, 1, 'Ataturk', 10, 'kennethwalley@gmail.com', 'Kenneth Walley', b'0', '1', NULL, '2011-09-09 00:00:00', 3, 'NEW_BEE'),
(105, 10, 1, 'Atakent', 10, 'kevinakins@gmail.com', 'Kevin Akins', b'0', '1', NULL, '2011-09-08 00:00:00', 3, 'NEW_BEE'),
(106, 10, 1, 'Asagi Dudullu', 10, 'kevinakins@gmail.com', 'Kevin Akins', b'0', '1', NULL, '2011-09-07 00:00:00', 3, 'NEW_BEE'),
(107, 10, 1, 'Aqua Manors', 10, 'kurthelton@gmail.com', 'Kurt Helton', b'0', '1', NULL, '2011-09-06 00:00:00', 3, 'NEW_BEE'),
(108, 10, 1, 'Aqua City', 10, 'kylesimmons@gmail.com', 'Kyle Simmons', b'0', '1', NULL, '2011-09-05 00:00:00', 3, 'NEW_BEE'),
(109, 10, 1, 'Alemdar', 10, 'larrygaleana@gmail.com', 'Larry Galeana', b'0', '1', NULL, '2011-09-04 00:00:00', 3, 'NEW_BEE'),
(110, 10, 1, 'Alemdag', 10, 'latishaburns@gmail.com', 'Latisha Burns', b'0', '1', NULL, '2011-09-03 00:00:00', 3, 'NEW_BEE'),
(111, 10, 1, 'Yayla', 10, 'latoyaburns@gmail.com', 'Latoya Burns', b'0', '1', NULL, '2011-09-02 00:00:00', 3, 'NEW_BEE'),
(112, 10, 1, 'Ucmeseler', 10, 'lauraakins@gmail.com', 'Laura Akins', b'0', '1', NULL, '2011-09-01 00:00:00', 3, 'NEW_BEE'),
(113, 10, 1, 'Tepeoren', 10, 'lauragreene@gmail.com', 'Laura Greene', b'0', '1', NULL, '2011-08-31 00:00:00', 3, 'NEW_BEE'),
(114, 10, 1, 'Sifa', 10, 'lenawilliams@gmail.com', 'Lena Williams', b'0', '1', NULL, '2011-08-30 00:00:00', 3, 'NEW_BEE'),
(115, 10, 1, 'Postane', 10, 'louiswalley@gmail.com', 'Louis Walley', b'0', '1', NULL, '2011-08-29 00:00:00', 3, 'NEW_BEE'),
(116, 10, 1, 'Postahane', 10, 'lucilegreene@gmail.com', 'Lucile Greene', b'0', '1', NULL, '2011-08-28 00:00:00', 3, 'NEW_BEE'),
(117, 10, 1, 'Mimarsinan', 10, 'lyleacosta@gmail.com', 'Lyle Acosta', b'0', '1', NULL, '2011-08-27 00:00:00', 3, 'NEW_BEE'),
(118, 10, 1, 'Merkez', 10, 'lynnport@gmail.com', 'Lynn Port', b'0', '1', NULL, '2011-08-26 00:00:00', 3, 'NEW_BEE'),
(119, 10, 1, 'Istasyon', 10, 'margaretburdick@gmail.com', 'Margaret Burdick', b'0', '1', NULL, '2011-08-25 00:00:00', 3, 'NEW_BEE'),
(120, 10, 1, 'Icmeler', 10, 'margaretwhite@gmail.com', 'Margaret White', b'0', '1', NULL, '2011-08-24 00:00:00', 3, 'NEW_BEE'),
(121, 10, 1, 'Evliya Celebi', 10, 'mariaacosta@gmail.com', 'Maria Acosta', b'0', '1', NULL, '2011-08-23 00:00:00', 3, 'NEW_BEE'),
(122, 10, 1, 'Camlibel', 10, 'marieburdick@gmail.com', 'Marie Burdick', b'0', '1', NULL, '2011-08-22 00:00:00', 3, 'NEW_BEE'),
(123, 10, 1, 'Cami', 10, 'marjorieakins@gmail.com', 'Marjorie Akins', b'0', '1', NULL, '2011-08-21 00:00:00', 3, 'NEW_BEE'),
(124, 10, 1, 'Bayramoglu', 10, 'markmcdougal@gmail.com', 'Mark McDougal', b'0', '1', NULL, '2011-08-20 00:00:00', 3, 'NEW_BEE'),
(125, 10, 1, 'Aydintepe', 10, 'markwhite@gmail.com', 'Mark White', b'0', '1', NULL, '2011-08-19 00:00:00', 3, 'NEW_BEE'),
(126, 10, 1, 'Aydinli', 10, 'marthaport@gmail.com', 'Martha Port', b'0', '1', NULL, '2011-08-18 00:00:00', 3, 'NEW_BEE'),
(127, 10, 1, 'Zincirlikuyu', 10, 'marthastewart@gmail.com', 'Martha Stewart', b'0', '1', NULL, '2011-08-17 00:00:00', 3, 'NEW_BEE'),
(128, 10, 1, 'Yayla', 10, 'maryburdick@gmail.com', 'Mary Burdick', b'0', '1', NULL, '2011-08-16 00:00:00', 3, 'NEW_BEE'),
(129, 10, 1, 'Topagaci', 10, 'maryburns@gmail.com', 'Mary Burns', b'0', '1', NULL, '2011-08-15 00:00:00', 3, 'NEW_BEE'),
(130, 10, 1, 'Tesvikiye', 10, 'marysimmons@gmail.com', 'Mary Simmons', b'0', '1', NULL, '2011-08-14 00:00:00', 3, 'NEW_BEE'),
(131, 10, 1, 'Seyrantepe', 10, 'marywhite@gmail.com', 'Mary White', b'0', '1', NULL, '2011-08-13 00:00:00', 3, 'NEW_BEE'),
(132, 10, 1, 'Pasa', 10, 'matthewwhite@gmail.com', 'Matthew White', b'0', '1', NULL, '2011-08-12 00:00:00', 3, 'NEW_BEE'),
(133, 10, 1, 'Pangalti', 10, 'mauricewalley@gmail.com', 'Maurice Walley', b'0', '1', NULL, '2011-08-11 00:00:00', 3, 'NEW_BEE'),
(134, 10, 1, 'Osmanbey', 10, 'meganstewart@gmail.com', 'Megan Stewart', b'0', '1', NULL, '2011-08-10 00:00:00', 3, 'NEW_BEE'),
(135, 10, 1, 'Ondokuz Mayis', 10, 'melvinstewart@gmail.com', 'Melvin Stewart', b'0', '1', NULL, '2011-08-09 00:00:00', 3, 'NEW_BEE'),
(136, 10, 1, 'Okmeydani', 10, 'michaelmcknight@gmail.com', 'Michael McKnight', b'0', '1', NULL, '2011-08-08 00:00:00', 3, 'NEW_BEE'),
(137, 10, 1, 'Nisantasi', 10, 'michaelport@gmail.com', 'Michael Port', b'0', '1', NULL, '2011-08-07 00:00:00', 3, 'NEW_BEE'),
(138, 10, 1, 'Mesrutiyet', 10, 'michaelwilliams@gmail.com', 'Michael Williams', b'0', '1', NULL, '2011-08-06 00:00:00', 3, 'NEW_BEE'),
(139, 10, 1, 'Mesa Maslak Evleri', 10, 'mollywhite@gmail.com', 'Molly White', b'0', '1', NULL, '2011-08-05 00:00:00', 3, 'NEW_BEE'),
(140, 10, 1, 'Merkez', 10, 'myronmcknight@gmail.com', 'Myron McKnight', b'0', '1', NULL, '2011-08-04 00:00:00', 3, 'NEW_BEE'),
(141, 10, 1, 'Mecidiyekoy Profilo', 10, 'nathanielstewart@gmail.com', 'Nathaniel Stewart', b'0', '1', NULL, '2011-08-03 00:00:00', 3, 'NEW_BEE'),
(142, 10, 1, 'Mecidiyekoy Marmara Sitesi', 10, 'nicolegreene@gmail.com', 'Nicole Greene', b'0', '1', NULL, '2011-08-02 00:00:00', 3, 'NEW_BEE'),
(143, 10, 1, 'Mecidiyekoy', 10, 'okwalley@gmail.com', 'Ok Walley', b'0', '1', NULL, '2011-08-01 00:00:00', 3, 'NEW_BEE'),
(144, 10, 1, 'Maslak', 10, 'paigegage@gmail.com', 'Paige Gage', b'0', '1', NULL, '2011-07-31 00:00:00', 3, 'NEW_BEE'),
(145, 10, 1, 'Mahmut Sevket', 10, 'patrickgage@gmail.com', 'Patrick Gage', b'0', '1', NULL, '2011-07-30 00:00:00', 3, 'NEW_BEE'),
(146, 10, 1, 'Macka', 10, 'patrickhelton@gmail.com', 'Patrick Helton', b'0', '1', NULL, '2011-07-29 00:00:00', 3, 'NEW_BEE'),
(147, 10, 1, 'Kustepe', 10, 'patrickhelton@gmail.com', 'Patrick Helton', b'0', '1', NULL, '2011-07-28 00:00:00', 3, 'NEW_BEE'),
(148, 10, 1, 'Kurtulus', 10, 'paulport@gmail.com', 'Paul Port', b'0', '1', NULL, '2011-07-27 00:00:00', 3, 'NEW_BEE'),
(149, 10, 1, 'Kaptan Pasa', 10, 'paulaharrison@gmail.com', 'Paula Harrison', b'0', '1', NULL, '2011-07-26 00:00:00', 3, 'NEW_BEE'),
(150, 10, 1, 'Izzet Pasa', 10, 'paulamcdougal@gmail.com', 'Paula McDougal', b'0', '1', NULL, '2011-07-25 00:00:00', 3, 'NEW_BEE'),
(151, 10, 1, 'Inonu', 10, 'paulineburdick@gmail.com', 'Pauline Burdick', b'0', '1', NULL, '2011-07-24 00:00:00', 3, 'NEW_BEE'),
(152, 10, 1, 'Huzur', 10, 'pearlgaleana@gmail.com', 'Pearl Galeana', b'0', '1', NULL, '2011-07-23 00:00:00', 3, 'NEW_BEE'),
(153, 10, 1, 'Harbiye', 10, 'peggygreene@gmail.com', 'Peggy Greene', b'0', '1', NULL, '2011-07-22 00:00:00', 3, 'NEW_BEE'),
(154, 10, 1, 'Halil Rifat Pasa', 10, 'pennymcknight@gmail.com', 'Penny McKnight', b'0', '1', NULL, '2011-07-21 00:00:00', 3, 'NEW_BEE'),
(155, 10, 1, 'Halide Edip Adivar', 10, 'peterwilliams@gmail.com', 'Peter Williams', b'0', '1', NULL, '2011-07-20 00:00:00', 3, 'NEW_BEE'),
(156, 10, 1, 'Halaskargazi', 10, 'phillipmcknight@gmail.com', 'Phillip McKnight', b'0', '1', NULL, '2011-07-19 00:00:00', 3, 'NEW_BEE'),
(157, 10, 1, 'Gulbahar', 10, 'phyllisgreene@gmail.com', 'Phyllis Greene', b'0', '1', NULL, '2011-07-18 00:00:00', 3, 'NEW_BEE'),
(158, 10, 1, 'Gulbag', 10, 'phyllissimmons@gmail.com', 'Phyllis Simmons', b'0', '1', NULL, '2011-07-17 00:00:00', 3, 'NEW_BEE'),
(159, 10, 1, 'Gayrettepe', 10, 'randagage@gmail.com', 'Randa Gage', b'0', '1', NULL, '2011-07-16 00:00:00', 3, 'NEW_BEE'),
(160, 10, 1, 'Fulya', 10, 'randyport@gmail.com', 'Randy Port', b'0', '1', NULL, '2011-07-15 00:00:00', 3, 'NEW_BEE'),
(161, 10, 1, 'Ferikoy', 10, 'raymondacosta@gmail.com', 'Raymond Acosta', b'0', '1', NULL, '2011-07-14 00:00:00', 3, 'NEW_BEE'),
(162, 10, 1, 'Esentepe', 10, 'raymondport@gmail.com', 'Raymond Port', b'0', '1', NULL, '2011-07-13 00:00:00', 3, 'NEW_BEE'),
(163, 10, 1, 'Elmadag', 10, 'reneeburdick@gmail.com', 'Renee Burdick', b'0', '1', NULL, '2011-07-12 00:00:00', 3, 'NEW_BEE'),
(164, 10, 1, 'Duatepe', 10, 'richardburns@gmail.com', 'Richard Burns', b'0', '1', NULL, '2011-07-11 00:00:00', 3, 'NEW_BEE'),
(165, 10, 1, 'Ciftecevizler', 10, 'richardchan@gmail.com', 'Richard Chan', b'0', '1', NULL, '2011-07-10 00:00:00', 3, 'NEW_BEE'),
(166, 10, 1, 'Bozkurt', 10, 'richardharrison@gmail.com', 'Richard Harrison', b'0', '1', NULL, '2011-07-09 00:00:00', 3, 'NEW_BEE'),
(167, 10, 1, 'Caglayan', 10, 'robertacosta@gmail.com', 'Robert Acosta', b'0', '1', NULL, '2011-07-08 00:00:00', 3, 'NEW_BEE'),
(168, 10, 1, 'Cumhuriyet', 10, 'robertacosta@gmail.com', 'Robert Acosta', b'0', '1', NULL, '2011-07-07 00:00:00', 3, 'NEW_BEE'),
(169, 10, 1, 'Bozkurt', 10, 'robertacosta@gmail.com', 'Robert Acosta', b'0', '1', NULL, '2011-07-06 00:00:00', 3, 'NEW_BEE'),
(170, 10, 1, 'Ayazaga', 10, 'roberthelton@gmail.com', 'Robert Helton', b'0', '1', NULL, '2011-07-05 00:00:00', 3, 'NEW_BEE'),
(171, 10, 1, 'Yesilvadi', 10, 'robertastewart@gmail.com', 'Roberta Stewart', b'0', '1', NULL, '2011-07-04 00:00:00', 3, 'NEW_BEE'),
(172, 10, 1, 'Ulupelit Koyu', 10, 'rolandmcdougal@gmail.com', 'Roland McDougal', b'0', '1', NULL, '2011-07-03 00:00:00', 3, 'NEW_BEE'),
(173, 10, 1, 'Merkez', 10, 'rosaport@gmail.com', 'Rosa Port', b'0', '1', NULL, '2011-07-02 00:00:00', 3, 'NEW_BEE'),
(174, 10, 1, 'Kumbaba', 10, 'ruthwhite@gmail.com', 'Ruth White', b'0', '1', NULL, '2011-07-01 00:00:00', 3, 'NEW_BEE'),
(175, 10, 1, 'Imrenli', 10, 'samanthaharrison@gmail.com', 'Samantha Harrison', b'0', '1', NULL, '2011-06-30 00:00:00', 3, 'NEW_BEE'),
(176, 10, 1, 'Balibey', 10, 'sammywalley@gmail.com', 'Sammy Walley', b'0', '1', NULL, '2011-06-29 00:00:00', 3, 'NEW_BEE'),
(177, 10, 1, 'Akcakese Koyu', 10, 'samuelakins@gmail.com', 'Samuel Akins', b'0', '1', NULL, '2011-06-28 00:00:00', 3, 'NEW_BEE'),
(178, 10, 1, 'Ahmetli Koyu', 10, 'samuelmcdougal@gmail.com', 'Samuel McDougal', b'0', '1', NULL, '2011-06-27 00:00:00', 3, 'NEW_BEE'),
(179, 10, 1, 'Agva', 10, 'shanikaacosta@gmail.com', 'Shanika Acosta', b'0', '1', NULL, '2011-06-26 00:00:00', 3, 'NEW_BEE'),
(180, 10, 1, 'Aglayankaya', 10, 'shareeakins@gmail.com', 'Sharee Akins', b'0', '1', NULL, '2011-06-25 00:00:00', 3, 'NEW_BEE'),
(181, 10, 1, 'Tuyap Beylik Duzu', 10, 'shavondawaites@gmail.com', 'Shavonda Waites', b'0', '1', NULL, '2011-06-24 00:00:00', 3, 'NEW_BEE'),
(182, 10, 1, 'Turgutreis', 10, 'shawnhelton@gmail.com', 'Shawn Helton', b'0', '1', NULL, '2011-06-23 00:00:00', 3, 'NEW_BEE'),
(183, 10, 1, 'Merkez', 10, 'shellychan@gmail.com', 'Shelly Chan', b'0', '1', NULL, '2011-06-22 00:00:00', 3, 'NEW_BEE'),
(184, 10, 1, 'Mehmet Akif', 10, 'stephaniewhite@gmail.com', 'Stephanie White', b'0', '1', NULL, '2011-06-21 00:00:00', 3, 'NEW_BEE'),
(185, 10, 1, 'Gazi', 10, 'tammygaleana@gmail.com', 'Tammy Galeana', b'0', '1', NULL, '2011-06-20 00:00:00', 3, 'NEW_BEE'),
(186, 10, 1, 'Fatih', 10, 'teresaport@gmail.com', 'Teresa Port', b'0', '1', NULL, '2011-06-19 00:00:00', 3, 'NEW_BEE'),
(187, 10, 1, 'Ortakoy', 10, 'thomasgage@gmail.com', 'Thomas Gage', b'0', '1', NULL, '2011-06-18 00:00:00', 3, 'NEW_BEE'),
(188, 10, 1, 'Merkez', 10, 'thomasmcdougal@gmail.com', 'Thomas McDougal', b'0', '1', NULL, '2011-06-17 00:00:00', 3, 'NEW_BEE'),
(189, 10, 1, 'Kinali', 10, 'tomasawhite@gmail.com', 'Tomasa White', b'0', '1', NULL, '2011-06-16 00:00:00', 3, 'NEW_BEE'),
(190, 10, 1, 'Gumusyaka', 10, 'tonitawalley@gmail.com', 'Tonita Walley', b'0', '1', NULL, '2011-06-15 00:00:00', 3, 'NEW_BEE'),
(191, 10, 1, 'Degirmenkoy', 10, 'tracyacosta@gmail.com', 'Tracy Acosta', b'0', '1', NULL, '2011-06-14 00:00:00', 3, 'NEW_BEE'),
(192, 10, 1, 'Halide Edip Adivar', 10, 'tracywaites@gmail.com', 'Tracy Waites', b'0', '1', NULL, '2011-06-13 00:00:00', 3, 'NEW_BEE'),
(193, 10, 1, 'Halaskargazi', 10, 'valerieakins@gmail.com', 'Valerie Akins', b'0', '1', NULL, '2011-06-12 00:00:00', 3, 'NEW_BEE'),
(194, 10, 1, 'Gulbahar', 10, 'valerieburns@gmail.com', 'Valerie Burns', b'0', '1', NULL, '2011-06-11 00:00:00', 3, 'NEW_BEE'),
(195, 10, 1, 'Gulbag', 10, 'whitneyharrison@gmail.com', 'Whitney Harrison', b'0', '1', NULL, '2011-06-10 00:00:00', 3, 'NEW_BEE'),
(196, 10, 1, 'Gayrettepe', 10, 'williamstewart@gmail.com', 'William Stewart', b'0', '1', NULL, '2011-06-09 00:00:00', 3, 'NEW_BEE'),
(197, 10, 1, 'Fulya', 10, 'williamwhite@gmail.com', 'William White', b'0', '1', NULL, '2011-06-08 00:00:00', 3, 'NEW_BEE'),
(198, 10, 1, 'Ferikoy', 10, 'willieburns@gmail.com', 'Willie Burns', b'0', '1', NULL, '2011-06-07 00:00:00', 3, 'NEW_BEE'),
(199, 10, 1, 'Babiali', 10, 'bob@gmail.com', 'Bob Loblaw', b'0', 'secret', NULL, '2010-08-09 00:00:00', 3, 'NEW_BEE');

--
-- Dökümü yapılmış tablolar için kısıtlamalar
--

--
-- Tablo kısıtlamaları `County`
--
ALTER TABLE `County`
  ADD CONSTRAINT `FK78A7BD6A7EA1AAFE` FOREIGN KEY (`city_id`) REFERENCES `City` (`id`);

--
-- Tablo kısıtlamaları `District`
--
ALTER TABLE `District`
  ADD CONSTRAINT `FK151397AEEFCEF19E` FOREIGN KEY (`county_id`) REFERENCES `County` (`id`);

--
-- Tablo kısıtlamaları `Emailconfirmation`
--
ALTER TABLE `Emailconfirmation`
  ADD CONSTRAINT `FK9F2FE1D147140EFE` FOREIGN KEY (`user_id`) REFERENCES `User` (`id`);
